{"graph": {"_type": "graph-file", "sha256": "c436bd3bd19d976a4324669939126b396f75aa912392227fa1346f5a16fb1ac0", "size": 2602, "path": "media/graph/graph_summary_c436bd3bd19d976a4324.graph.json"}, "epoch": 79, "_timestamp": 1661901305, "_runtime": 12972, "loss": 0.038864076137542725, "accuracy": 0.9878624677658081, "val_loss": 0.200295552611351, "val_accuracy": 0.955294132232666, "_step": 79, "best_val_loss": 0.1348186880350113, "best_epoch": 31, "_wandb": {"runtime": 12970}}