{"graph": {"_type": "graph-file", "sha256": "b3908aa48f9f66e49063f4307e56daa42a4abceb9a9fb18b4c7d478dbaf67740", "size": 2117, "path": "media/graph/graph_summary_b3908aa48f9f66e49063.graph.json"}, "epoch": 69, "_timestamp": 1661981537, "_runtime": 12632, "loss": 0.1745775192975998, "accuracy": 0.939312219619751, "val_loss": 0.2897699475288391, "val_accuracy": 0.9035294055938721, "_step": 69, "best_val_loss": 0.28972896933555603, "best_epoch": 61, "_wandb": {"runtime": 12628}}