{"graph": {"_type": "graph-file", "sha256": "34f23b450197393d18e683f49758be1d241ee3e6ead7c2920344df9ba8928e80", "size": 2599, "path": "media/graph/graph_summary_34f23b450197393d18e6.graph.json"}, "epoch": 99, "_timestamp": 1660973368, "_runtime": 5511, "loss": 0.018439628183841705, "accuracy": 0.9942010045051575, "val_loss": 0.9784184098243713, "val_accuracy": 0.9126983880996704, "_step": 99, "best_val_loss": 0.216017484664917, "best_epoch": 23, "_wandb": {"runtime": 5506}}