{"graph": {"_type": "graph-file", "sha256": "328dad13a0e0ecae7c8a5f2a2a07ec64f88a58fbe27a1a2aa5673e312da29993", "size": 2596, "path": "media/graph/graph_summary_328dad13a0e0ecae7c8a.graph.json"}, "epoch": 69, "_timestamp": 1660943879, "_runtime": 2352, "loss": 0.13991636037826538, "accuracy": 0.9503865838050842, "val_loss": 0.29694318771362305, "val_accuracy": 0.9047619104385376, "_step": 69, "best_val_loss": 0.21881546080112457, "best_epoch": 68, "_wandb": {"runtime": 2349}}