{"graph": {"_type": "graph-file", "sha256": "c436bd3bd19d976a4324669939126b396f75aa912392227fa1346f5a16fb1ac0", "size": 2602, "path": "media/graph/graph_summary_c436bd3bd19d976a4324.graph.json"}, "epoch": 79, "_timestamp": 1661720613, "_runtime": 11194, "loss": 0.07236737757921219, "accuracy": 0.9777477979660034, "val_loss": 0.17473618686199188, "val_accuracy": 0.9505882263183594, "_step": 79, "best_val_loss": 0.1742783784866333, "best_epoch": 62, "_wandb": {"runtime": 11192}}