{"graph": {"_type": "graph-file", "sha256": "49966a909028fc594b10930b77f5435e6d5f1b3adc25a0cd6fb99f243577dac7", "size": 2602, "path": "media/graph/graph_summary_49966a909028fc594b10.graph.json"}, "epoch": 49, "_timestamp": 1660873650, "_runtime": 3455, "loss": 0.3154410421848297, "accuracy": 0.8904638886451721, "val_loss": 0.29057398438453674, "val_accuracy": 0.9007936716079712, "_step": 49, "best_val_loss": 0.2747797966003418, "best_epoch": 46, "_wandb": {"runtime": 3453}}