{"graph": {"_type": "graph-file", "sha256": "242b650cef8c704e9ca5260354c7ff91dadfd4b1ddde9e49809d1b3f3cc965f2", "size": 2602, "path": "media/graph/graph_summary_242b650cef8c704e9ca5.graph.json"}, "epoch": 9, "_timestamp": 1660929779, "_runtime": 609, "loss": 1.0268725156784058, "accuracy": 0.5792526006698608, "val_loss": 1.0737043619155884, "val_accuracy": 0.5992063283920288, "_step": 9, "best_val_loss": 1.0492095947265625, "best_epoch": 8, "_wandb": {"runtime": 605}}