{"graph": {"_type": "graph-file", "sha256": "6ea4f54d9ee43996bdf451586c67b5d77ddcf71cacde5a4aa9400d1cf35d65d3", "size": 2600, "path": "media/graph/graph_summary_6ea4f54d9ee43996bdf4.graph.json"}, "epoch": 1, "_timestamp": 1661564387, "_runtime": 1065, "loss": 1.0927103757858276, "accuracy": 0.5270618796348572, "val_loss": 1.0410563945770264, "val_accuracy": 0.591269850730896, "_step": 1, "best_val_loss": 1.0410563945770264, "best_epoch": 1}