{"graph": {"_type": "graph-file", "sha256": "6ea4f54d9ee43996bdf451586c67b5d77ddcf71cacde5a4aa9400d1cf35d65d3", "size": 2600, "path": "media/graph/graph_summary_6ea4f54d9ee43996bdf4.graph.json"}, "epoch": 52, "_timestamp": 1661591766, "_runtime": 28444, "loss": 0.3356960713863373, "accuracy": 0.8827319741249084, "val_loss": 0.33578574657440186, "val_accuracy": 0.9007936716079712, "_step": 52, "best_val_loss": 0.31575101613998413, "best_epoch": 44}