{"graph": {"_type": "graph-file", "sha256": "fb9527637ddbc5560807dacd22c2682afcc2ddd6c1a8f4550d908d3359796119", "size": 2602, "path": "media/graph/graph_summary_fb9527637ddbc5560807.graph.json"}, "epoch": 43, "_timestamp": 1655943473, "_runtime": 774, "loss": 1.380811333656311, "accuracy": 0.27321428060531616, "val_loss": 1.3726108074188232, "val_accuracy": 0.27272728085517883, "_step": 44, "best_val_loss": 1.367958903312683, "best_epoch": 23, "test_loss": 1.365, "test_accuracy": 27.27, "config": {"batch_size": 16, "max_epochs": 100, "min_epochs": 20, "dropout_c1": 0, "dropout_c2": 0.1, "dropout_c3": 0.2, "dropout_c4": 0.3, "dropout_ga": 0, "num_features_c1": 16, "num_features_c2": 32, "num_features_c3": 64, "num_features_c4": 128, "learning_rate": 0.001}, "_wandb": {"runtime": 775}}