{"graph": {"_type": "graph-file", "sha256": "00eb3bc068621c99515052455b3bfdd4c09c07838cfb1d3c3c0f28d0610c7d5c", "size": 2607, "path": "media/graph/graph_summary_00eb3bc068621c995150.graph.json"}, "epoch": 92, "_timestamp": 1655992522, "_runtime": 1480, "loss": 0.044979505240917206, "accuracy": 0.9892857074737549, "val_loss": 0.5701833963394165, "val_accuracy": 0.8863636255264282, "_step": 93, "best_val_loss": 0.35820627212524414, "best_epoch": 52, "test_loss": 0.7064, "test_accuracy": 87.27, "config": {"batch_size": 8, "max_epochs": 100, "min_epochs": 40, "dropout_c1": 0.25, "dropout_c2": 0.25, "dropout_c3": 0.25, "dropout_c4": 0.25, "dropout_ga": 0, "num_features_c1": 64, "num_features_c2": 128, "num_features_c3": 64, "num_features_c4": 128, "learning_rate": 0.0005}, "_wandb": {"runtime": 1480}}