{"graph": {"_type": "graph-file", "sha256": "324f4c85733c93d7d8fee1bcc929be68a4be2d3d517748a9af28a33e84b3b039", "size": 2119, "path": "media/graph/graph_summary_324f4c85733c93d7d8fe.graph.json"}, "epoch": 49, "_timestamp": 1662467492, "_runtime": 8912, "loss": 0.20643474161624908, "accuracy": 0.933917760848999, "val_loss": 0.3485955595970154, "val_accuracy": 0.8988234996795654, "_step": 49, "best_val_loss": 0.33288490772247314, "best_epoch": 29, "_wandb": {"runtime": 8910}}