{"graph": {"_type": "graph-file", "sha256": "5e5f23c83449d70634af24b0120715867ae2bf826948238df8e5c05180bc985f", "size": 2602, "path": "media/graph/graph_summary_5e5f23c83449d70634af.graph.json"}, "epoch": 99, "_timestamp": 1655955786, "_runtime": 1511, "loss": 0.2895340323448181, "accuracy": 0.8883928656578064, "val_loss": 0.43173617124557495, "val_accuracy": 0.8257575631141663, "_step": 100, "best_val_loss": 0.3094481825828552, "best_epoch": 94, "test_loss": 0.8267, "test_accuracy": 81.82, "config": {"batch_size": 16, "max_epochs": 100, "min_epochs": 20, "dropout_c1": 0, "dropout_c2": 0.1, "dropout_c3": 0.2, "dropout_c4": 0.3, "dropout_ga": 0, "num_features_c1": 16, "num_features_c2": 32, "num_features_c3": 64, "num_features_c4": 128, "learning_rate": 0.001}, "_wandb": {"runtime": 1512}}