{"graph": {"_type": "graph-file", "sha256": "1bd6b70abde9f670ba334da771158a4ad5e82a84ac3c401ab4c24a2d88dc9556", "size": 2602, "path": "media/graph/graph_summary_1bd6b70abde9f670ba33.graph.json"}, "epoch": 19, "_timestamp": 1661101992, "_runtime": 955, "loss": 0.8231671452522278, "accuracy": 0.6797680258750916, "val_loss": 0.8215422034263611, "val_accuracy": 0.7142857313156128, "_step": 19, "best_val_loss": 0.7756891250610352, "best_epoch": 18, "_wandb": {"runtime": 951}}