{"graph": {"_type": "graph-file", "sha256": "2d6b45e790cda30ac8d0ce802aabf15c0fab3f3a0b12796cd295d4042021feb1", "size": 2597, "path": "media/graph/graph_summary_2d6b45e790cda30ac8d0.graph.json"}, "epoch": 29, "_timestamp": 1661683243, "_runtime": 3953, "loss": 0.4353504776954651, "accuracy": 0.8536750078201294, "val_loss": 0.33954817056655884, "val_accuracy": 0.8870587944984436, "_step": 29, "best_val_loss": 0.33954817056655884, "best_epoch": 29, "_wandb": {"runtime": 3952}}