{"graph": {"_type": "graph-file", "sha256": "5a5b5d7f102e31ba85983ce026ec79f6ea830008690c2a018ce74c5a349c0c30", "size": 2602, "path": "media/graph/graph_summary_5a5b5d7f102e31ba8598.graph.json"}, "epoch": 127, "_timestamp": 1657834603, "_runtime": 2457, "loss": 0.018458183854818344, "accuracy": 0.994535505771637, "val_loss": 0.22720283269882202, "val_accuracy": 0.9523809552192688, "_step": 128, "best_val_loss": 0.13256053626537323, "best_epoch": 73, "test_loss": 0.118, "test_accuracy": 95.24, "config": {"batch_size": 4, "epochs": 128, "dropout_c": 0.3, "dropout_ga": 0.1, "num_features_c1": 64, "num_features_c2": 64, "num_features_c3": 128, "num_features_c4": 64, "learning_rate": 0.0003}, "_wandb": {"runtime": 2459}}