{"graph": {"_type": "graph-file", "sha256": "1ce8d403a52e5e39c904d41a928cc9bf0ca5115eb28c422091bc3e8d62a7318f", "size": 2600, "path": "media/graph/graph_summary_1ce8d403a52e5e39c904.graph.json"}, "epoch": 79, "_timestamp": 1661936853, "_runtime": 10219, "loss": 0.07379495352506638, "accuracy": 0.9723533391952515, "val_loss": 0.2157241404056549, "val_accuracy": 0.9411764740943909, "_step": 79, "best_val_loss": 0.18529601395130157, "best_epoch": 53, "_wandb": {"runtime": 10218}}