{"graph": {"_type": "graph-file", "sha256": "cc950d9f990a2c8c652d115e0eddee430fb0b02b0d0190d606af5ee4c6c66be2", "size": 2601, "path": "media/graph/graph_summary_cc950d9f990a2c8c652d.graph.json"}, "epoch": 69, "_timestamp": 1661003194, "_runtime": 2065, "loss": 0.2174035906791687, "accuracy": 0.9291236996650696, "val_loss": 0.7063318490982056, "val_accuracy": 0.7817460298538208, "_step": 69, "best_val_loss": 0.2886591851711273, "best_epoch": 68, "_wandb": {"runtime": 2060}}