{"graph": {"_type": "graph-file", "sha256": "06e436bf8ecbaaf45c4c193794c13a259220a22560b78d4a2c9cb6ab267e5dd9", "size": 2118, "path": "media/graph/graph_summary_06e436bf8ecbaaf45c4c.graph.json"}, "epoch": 19, "_timestamp": 1661957073, "_runtime": 9264, "loss": 0.3823496103286743, "accuracy": 0.8637896180152893, "val_loss": 0.3454691171646118, "val_accuracy": 0.8847059011459351, "_step": 19, "best_val_loss": 0.3454691171646118, "best_epoch": 19, "_wandb": {"runtime": 9263}}