{"graph": {"_type": "graph-file", "sha256": "e38240c89ef2f5566a651e6fc206312ea5f4b7b93aaa674d233fa597d0bda782", "size": 2118, "path": "media/graph/graph_summary_e38240c89ef2f5566a65.graph.json"}, "epoch": 49, "_timestamp": 1662071537, "_runtime": 33066, "loss": 0.15178139507770538, "accuracy": 0.9507754445075989, "val_loss": 0.22780072689056396, "val_accuracy": 0.9247058629989624, "_step": 49, "best_val_loss": 0.22172300517559052, "best_epoch": 31, "_wandb": {"runtime": 33063}}