{"graph": {"_type": "graph-file", "sha256": "5d8714d9e52992b1392d077d687c574a0149cd821dde790ee45d35aa5daea1d1", "size": 2118, "path": "media/graph/graph_summary_5d8714d9e52992b1392d.graph.json"}, "epoch": 59, "_timestamp": 1662314792, "_runtime": 35312, "loss": 0.3668045103549957, "accuracy": 0.8698583841323853, "val_loss": 0.3558308184146881, "val_accuracy": 0.8752940893173218, "_step": 59, "best_val_loss": 0.3558308184146881, "best_epoch": 59, "_wandb": {"runtime": 35310}}