{"graph": {"_type": "graph-file", "sha256": "80d5e7e74f5ce6e69290101edcbc48e6ffb482c9373e09ff7aa7cfee00169658", "size": 2606, "path": "media/graph/graph_summary_80d5e7e74f5ce6e69290.graph.json"}, "epoch": 2, "_timestamp": 1660909376, "_runtime": 144, "loss": 0.89537513256073, "accuracy": 0.6462628841400146, "val_loss": 0.8380863070487976, "val_accuracy": 0.7420634627342224, "_step": 2, "best_val_loss": 0.8380863070487976, "best_epoch": 2}