{"graph": {"_type": "graph-file", "sha256": "80d5e7e74f5ce6e69290101edcbc48e6ffb482c9373e09ff7aa7cfee00169658", "size": 2606, "path": "media/graph/graph_summary_80d5e7e74f5ce6e69290.graph.json"}, "epoch": 49, "_timestamp": 1660911323, "_runtime": 2091, "loss": 0.0849790945649147, "accuracy": 0.9722937941551208, "val_loss": 0.23589389026165009, "val_accuracy": 0.9404761791229248, "_step": 49, "best_val_loss": 0.17166206240653992, "best_epoch": 41, "_wandb": {"runtime": 2090}}