{"graph": {"_type": "graph-file", "sha256": "7f8d1979f3ed68637f29e35fc882580b2f436146cc541288bdf48d3b69bf2f09", "size": 2120, "path": "media/graph/graph_summary_7f8d1979f3ed68637f29.graph.json"}, "epoch": 49, "_timestamp": 1662454211, "_runtime": 14692, "loss": 0.15006789565086365, "accuracy": 0.9480782151222229, "val_loss": 0.2507430613040924, "val_accuracy": 0.9247058629989624, "_step": 49, "best_val_loss": 0.2144221067428589, "best_epoch": 46, "_wandb": {"runtime": 14690}}