{"graph": {"_type": "graph-file", "sha256": "6ea4f54d9ee43996bdf451586c67b5d77ddcf71cacde5a4aa9400d1cf35d65d3", "size": 2600, "path": "media/graph/graph_summary_6ea4f54d9ee43996bdf4.graph.json"}, "epoch": 57, "_timestamp": 1655959678, "_runtime": 1016, "loss": 0.5072535276412964, "accuracy": 0.8035714030265808, "val_loss": 0.6040694713592529, "val_accuracy": 0.7727272510528564, "_step": 58, "best_val_loss": 0.526860773563385, "best_epoch": 37, "test_loss": 0.7151, "test_accuracy": 74.09, "config": {"batch_size": 16, "max_epochs": 100, "min_epochs": 20, "dropout_c1": 0, "dropout_c2": 0.1, "dropout_c3": 0.2, "dropout_c4": 0.3, "dropout_ga": 0, "num_features_c1": 16, "num_features_c2": 32, "num_features_c3": 64, "num_features_c4": 128, "learning_rate": 0.001}, "_wandb": {"runtime": 1017}}