{"graph": {"_type": "graph-file", "sha256": "23845134b341e73764a9a5407f02f4ab3a6acbd80bf40f8053ea35daaf9ff786", "size": 2601, "path": "media/graph/graph_summary_23845134b341e73764a9.graph.json"}, "epoch": 69, "_timestamp": 1661170431, "_runtime": 6358, "loss": 1.3309918642044067, "accuracy": 0.34020617604255676, "val_loss": 1.2597858905792236, "val_accuracy": 0.3333333432674408, "_step": 69, "best_val_loss": 1.2568079233169556, "best_epoch": 4, "_wandb": {"runtime": 6354}}