{"graph": {"_type": "graph-file", "sha256": "fc844100bacfa5a0145464f423a153775e07095fdf2bd2505911ee682d3831f3", "size": 2596, "path": "media/graph/graph_summary_fc844100bacfa5a01454.graph.json"}, "epoch": 99, "_timestamp": 1655934467, "_runtime": 1647, "loss": 0.6118180155754089, "accuracy": 0.7705357074737549, "val_loss": 0.5656903386116028, "val_accuracy": 0.7727272510528564, "_step": 100, "best_val_loss": 0.5554094314575195, "best_epoch": 91, "test_loss": 0.5777, "test_accuracy": 82.27, "config": {"batch_size": 16, "max_epochs": 100, "min_epochs": 20, "dropout_c1": 0, "dropout_c2": 0.1, "dropout_c3": 0.2, "dropout_c4": 0.3, "dropout_ga": 0, "num_features_c1": 16, "num_features_c2": 32, "num_features_c3": 64, "num_features_c4": 128, "learning_rate": 0.001}, "_wandb": {"runtime": 1647}}