{"graph": {"_type": "graph-file", "sha256": "5becd1ea0ce80bc0ff6df43e0419d3dd58a2a336b6a56ceaaaa85016614d0573", "size": 2123, "path": "media/graph/graph_summary_5becd1ea0ce80bc0ff6d.graph.json"}, "epoch": 49, "_timestamp": 1662718984, "_runtime": 20167, "loss": 0.27441078424453735, "accuracy": 0.8954821228981018, "val_loss": 0.41082829236984253, "val_accuracy": 0.8470588326454163, "_step": 49, "best_val_loss": 0.271752268075943, "best_epoch": 45, "_wandb": {"runtime": 20165}}