{"graph": {"_type": "graph-file", "sha256": "a4d4fc5587b678a625c8c9061cfe0f7991ba2ebbcf6570b2a74919f92da50126", "size": 2595, "path": "media/graph/graph_summary_a4d4fc5587b678a625c8.graph.json"}, "epoch": 39, "_timestamp": 1661176069, "_runtime": 958, "loss": 0.32087746262550354, "accuracy": 0.8840206265449524, "val_loss": 0.3013632893562317, "val_accuracy": 0.9246031641960144, "_step": 39, "best_val_loss": 0.3013632893562317, "best_epoch": 39, "_wandb": {"runtime": 954}}