{"graph": {"_type": "graph-file", "sha256": "e38240c89ef2f5566a651e6fc206312ea5f4b7b93aaa674d233fa597d0bda782", "size": 2118, "path": "media/graph/graph_summary_e38240c89ef2f5566a65.graph.json"}, "epoch": 39, "_timestamp": 1662735252, "_runtime": 16263, "loss": 0.3192651867866516, "accuracy": 0.8900876641273499, "val_loss": 0.3821071982383728, "val_accuracy": 0.8776470422744751, "_step": 39, "best_val_loss": 0.3524191677570343, "best_epoch": 37, "_wandb": {"runtime": 16260}}