{"graph": {"_type": "graph-file", "sha256": "328dad13a0e0ecae7c8a5f2a2a07ec64f88a58fbe27a1a2aa5673e312da29993", "size": 2596, "path": "media/graph/graph_summary_328dad13a0e0ecae7c8a.graph.json"}, "epoch": 9, "_timestamp": 1660944418, "_runtime": 522, "loss": 0.8292180299758911, "accuracy": 0.6810566782951355, "val_loss": 0.8662527799606323, "val_accuracy": 0.6904761791229248, "_step": 9, "best_val_loss": 0.8662527799606323, "best_epoch": 9, "_wandb": {"runtime": 518}}