{"graph": {"_type": "graph-file", "sha256": "93086c2c2b77a10320e81929d6d79a9a3bfafd7347e2daa08dda559571ac2c66", "size": 2600, "path": "media/graph/graph_summary_93086c2c2b77a10320e8.graph.json"}, "epoch": 89, "_timestamp": 1661160784, "_runtime": 7919, "loss": 0.6348732709884644, "accuracy": 0.7712628841400146, "val_loss": 0.644684374332428, "val_accuracy": 0.8253968358039856, "_step": 89, "best_val_loss": 0.644684374332428, "best_epoch": 89, "_wandb": {"runtime": 7914}}