{"graph": {"_type": "graph-file", "sha256": "2dce192dbf2452d59e7a0dca5f6cea711ee9edfa93c618326b0cc89d535334cf", "size": 2596, "path": "media/graph/graph_summary_2dce192dbf2452d59e7a.graph.json"}, "epoch": 99, "_timestamp": 1661149745, "_runtime": 4450, "loss": 0.3380504846572876, "accuracy": 0.8788659572601318, "val_loss": 0.31189030408859253, "val_accuracy": 0.908730149269104, "_step": 99, "best_val_loss": 0.30919739603996277, "best_epoch": 95, "_wandb": {"runtime": 4445}}