{"graph": {"_type": "graph-file", "sha256": "168d38b93f79d550768ab944184d6a91737a821f767406cfc5619a1f687ad4ba", "size": 2102, "path": "media/graph/graph_summary_168d38b93f79d550768a.graph.json"}, "epoch": 29, "_timestamp": 1662458571, "_runtime": 1731, "loss": 1.1982955932617188, "accuracy": 0.46594738960266113, "val_loss": 1.1774249076843262, "val_accuracy": 0.548235297203064, "_step": 29, "best_val_loss": 1.1774249076843262, "best_epoch": 29, "_wandb": {"runtime": 1730}}