{"graph": {"_type": "graph-file", "sha256": "057d438a6a204bbee1cc2c5660353dda30a4084fd90d786d3debe288834ef0a4", "size": 2601, "path": "media/graph/graph_summary_057d438a6a204bbee1cc.graph.json"}, "epoch": 119, "_timestamp": 1657029319, "_runtime": 1789, "loss": 0.0669262632727623, "accuracy": 0.9777777791023254, "val_loss": 0.14704015851020813, "val_accuracy": 0.9430894255638123, "_step": 120, "best_val_loss": 0.06759312003850937, "best_epoch": 96, "test_loss": 0.199, "test_accuracy": 92.77, "config": {"batch_size": 4, "epochs": 120, "dropout_c": 0.3, "dropout_ga": 0.1, "num_features_c1": 64, "num_features_c2": 64, "num_features_c3": 128, "num_features_c4": 64, "learning_rate": 0.0003}, "_wandb": {"runtime": 1790}}