{"graph": {"_type": "graph-file", "sha256": "9f23006ce8ddc8113bdbf4df10c3490d9eb86c4761d0e8545f9b72a3a9aae100", "size": 2599, "path": "media/graph/graph_summary_9f23006ce8ddc8113bdb.graph.json"}, "epoch": 69, "_timestamp": 1661130960, "_runtime": 6775, "loss": 0.31529054045677185, "accuracy": 0.8853092789649963, "val_loss": 0.325961172580719, "val_accuracy": 0.89682537317276, "_step": 69, "best_val_loss": 0.325961172580719, "best_epoch": 69, "_wandb": {"runtime": 6770}}