{"graph": {"_type": "graph-file", "sha256": "4addc4c431ee243f61e3794441c66aed5be2ca7c013ea416d04bdbe40fd375cf", "size": 2606, "path": "media/graph/graph_summary_4addc4c431ee243f61e3.graph.json"}, "epoch": 59, "_timestamp": 1661207643, "_runtime": 5840, "loss": 0.4445735514163971, "accuracy": 0.8530927896499634, "val_loss": 0.40604013204574585, "val_accuracy": 0.89682537317276, "_step": 59, "best_val_loss": 0.40553995966911316, "best_epoch": 58, "_wandb": {"runtime": 5835}}