{"graph": {"_type": "graph-file", "sha256": "9958612da61bc1d89fe6bbc216025fa3c33d24d8ec2812d984e98571f1aa85da", "size": 2607, "path": "media/graph/graph_summary_9958612da61bc1d89fe6.graph.json"}, "epoch": 90, "_timestamp": 1656006429, "_runtime": 1180, "loss": 0.26459580659866333, "accuracy": 0.9017857313156128, "val_loss": 0.4908161759376526, "val_accuracy": 0.8219696879386902, "_step": 90, "best_val_loss": 0.3788960576057434, "best_epoch": 77}