{"graph": {"_type": "graph-file", "sha256": "e5b8b51fe0d302492a430d8f3f923d6e742a987394d0f24898e77ca8901c6cb9", "size": 2606, "path": "media/graph/graph_summary_e5b8b51fe0d302492a43.graph.json"}, "epoch": 79, "_timestamp": 1661851087, "_runtime": 12896, "loss": 0.06989891827106476, "accuracy": 0.9757248759269714, "val_loss": 0.44583070278167725, "val_accuracy": 0.9176470637321472, "_step": 79, "best_val_loss": 0.22510075569152832, "best_epoch": 63, "_wandb": {"runtime": 12894}}