{"graph": {"_type": "graph-file", "sha256": "d8e0d594a482d20fb11b6e4b1440c0775ef336721035cb495eedf19c8daa9bf8", "size": 2600, "path": "media/graph/graph_summary_d8e0d594a482d20fb11b.graph.json"}, "epoch": 69, "_timestamp": 1661746044, "_runtime": 10463, "loss": 0.06217452511191368, "accuracy": 0.9811193346977234, "val_loss": 0.3340733051300049, "val_accuracy": 0.9505882263183594, "_step": 69, "best_val_loss": 0.22766821086406708, "best_epoch": 54, "_wandb": {"runtime": 10462}}