{"graph": {"_type": "graph-file", "sha256": "77031bd376d172898ee68f0486562abb0a2ed74c39baaf5ceb3622fd786f9ba3", "size": 2600, "path": "media/graph/graph_summary_77031bd376d172898ee6.graph.json"}, "epoch": 29, "_timestamp": 1661135596, "_runtime": 1180, "loss": 0.19632698595523834, "accuracy": 0.9336340427398682, "val_loss": 0.3217678368091583, "val_accuracy": 0.9007936716079712, "_step": 29, "best_val_loss": 0.2945001423358917, "best_epoch": 21, "_wandb": {"runtime": 1175}}