{"graph": {"_type": "graph-file", "sha256": "2dcd8f336641514af4b5bd45afa76b2cdcc2d4a8b631e486c1ee84406b2f450c", "size": 2597, "path": "media/graph/graph_summary_2dcd8f336641514af4b5.graph.json"}, "epoch": 69, "_timestamp": 1661098652, "_runtime": 4538, "loss": 0.4913572072982788, "accuracy": 0.8144329786300659, "val_loss": 0.4454623758792877, "val_accuracy": 0.8849206566810608, "_step": 69, "best_val_loss": 0.4225929081439972, "best_epoch": 68, "_wandb": {"runtime": 4533}}