{"graph": {"_type": "graph-file", "sha256": "5a5b5d7f102e31ba85983ce026ec79f6ea830008690c2a018ce74c5a349c0c30", "size": 2602, "path": "media/graph/graph_summary_5a5b5d7f102e31ba8598.graph.json"}, "epoch": 0, "_timestamp": 1660096662, "_runtime": 568, "loss": 1.171915054321289, "accuracy": 0.4729381501674652, "val_loss": 1.244869589805603, "val_accuracy": 0.460317462682724, "_step": 0, "best_val_loss": 1.244869589805603, "best_epoch": 0, "_wandb": {"runtime": 569}}