{"graph": {"_type": "graph-file", "sha256": "32150cfa1b9a8bb72145283aebf03390a78d4da265d866c9689924bee47a5263", "size": 2103, "path": "media/graph/graph_summary_32150cfa1b9a8bb72145.graph.json"}, "epoch": 9, "_timestamp": 1661957897, "_runtime": 815, "loss": 1.1163506507873535, "accuracy": 0.5138233304023743, "val_loss": 1.0746879577636719, "val_accuracy": 0.5600000023841858, "_step": 9, "best_val_loss": 1.0746879577636719, "best_epoch": 9, "_wandb": {"runtime": 814}}