{"graph": {"_type": "graph-file", "sha256": "e1e045e456e21c615f803cc1ca72127c9d5de4deaab762bc260e9823bd4e5184", "size": 2600, "path": "media/graph/graph_summary_e1e045e456e21c615f80.graph.json"}, "epoch": 23, "_timestamp": 1660931861, "_runtime": 2070, "loss": 0.6286836862564087, "accuracy": 0.7635309100151062, "val_loss": 0.6360720992088318, "val_accuracy": 0.7976190447807312, "_step": 23, "best_val_loss": 0.6033427119255066, "best_epoch": 22}