{"graph": {"_type": "graph-file", "sha256": "92a431af77aebe1822836ddf6b0934b261f4c02326196e4c4f17ad11a5fd1641", "size": 2515, "path": "media/graph/graph_summary_92a431af77aebe182283.graph.json"}, "epoch": 29, "_timestamp": 1655926216, "_runtime": 486, "loss": 0.05038300156593323, "accuracy": 0.9866071343421936, "val_loss": 0.9001215696334839, "val_accuracy": 0.7878788113594055, "_step": 30, "best_val_loss": 0.5925423502922058, "best_epoch": 9, "test_loss": 0.9608, "test_accuracy": 78.64, "_wandb": {"runtime": 488}}