{"graph": {"_type": "graph-file", "sha256": "e5b8b51fe0d302492a430d8f3f923d6e742a987394d0f24898e77ca8901c6cb9", "size": 2606, "path": "media/graph/graph_summary_e5b8b51fe0d302492a43.graph.json"}, "epoch": 9, "_timestamp": 1661145282, "_runtime": 432, "loss": 0.5824525356292725, "accuracy": 0.7886598110198975, "val_loss": 0.6470769047737122, "val_accuracy": 0.8134920597076416, "_step": 9, "best_val_loss": 0.6197642683982849, "best_epoch": 7, "_wandb": {"runtime": 428}}