{"loss": [1.2097349166870117, 1.006921648979187, 0.9058070182800293, 0.8155077695846558, 0.7468449473381042, 0.6759224534034729, 0.6394600868225098, 0.6107482314109802, 0.5751324892044067, 0.536957859992981, 0.5518417358398438, 0.49624067544937134, 0.45657607913017273, 0.4677712321281433, 0.4235183000564575, 0.4376203119754791, 0.38998502492904663, 0.39932918548583984, 0.35364946722984314, 0.3538592755794525, 0.33245566487312317, 0.3218532204627991, 0.32614344358444214, 0.3049943745136261, 0.29137465357780457, 0.2972003221511841, 0.2512938678264618, 0.28742608428001404, 0.2409071922302246, 0.24320848286151886, 0.2342984527349472, 0.23432394862174988, 0.20601224899291992, 0.2050384283065796, 0.1979156732559204, 0.19607870280742645, 0.15963345766067505, 0.1772736757993698, 0.17379409074783325, 0.17658552527427673], "accuracy": [0.44265463948249817, 0.5663659572601318, 0.6365979313850403, 0.6823453903198242, 0.7280927896499634, 0.7532216310501099, 0.7744845151901245, 0.781572163105011, 0.7983247637748718, 0.8054123520851135, 0.8028350472450256, 0.8350515365600586, 0.8414948582649231, 0.8344072103500366, 0.8601804375648499, 0.8582473993301392, 0.8698453903198242, 0.8634020686149597, 0.8814433217048645, 0.875644326210022, 0.8775773048400879, 0.8904638886451721, 0.8827319741249084, 0.8859536051750183, 0.9007731676101685, 0.9027062058448792, 0.9117268323898315, 0.8949742317199707, 0.9181700944900513, 0.9201030731201172, 0.9149484634399414, 0.9175257682800293, 0.9284793734550476, 0.936211347579956, 0.9349226951599121, 0.9278350472450256, 0.9471649527549744, 0.938788652420044, 0.938144326210022, 0.936855673789978], "val_loss": [1.095477819442749, 1.049834132194519, 0.8360717296600342, 0.8519555330276489, 0.6726306676864624, 0.6221335530281067, 0.6215932965278625, 0.5598343014717102, 0.47310203313827515, 0.5113033056259155, 0.5161034464836121, 0.4887056052684784, 0.4264836609363556, 0.4134202301502228, 0.3260885179042816, 0.4170948266983032, 0.5686538815498352, 0.4207046926021576, 0.4626521170139313, 0.4845975637435913, 0.429682195186615, 0.29754215478897095, 0.3706878423690796, 0.3331436514854431, 0.43171268701553345, 0.22818291187286377, 0.22497133910655975, 0.354491651058197, 0.38236820697784424, 0.2986827790737152, 0.3814855217933655, 0.2932153642177582, 0.3142266869544983, 0.2620825469493866, 0.4289890229701996, 0.2519384026527405, 0.3025612533092499, 0.29773566126823425, 0.28502893447875977, 0.3586229085922241], "val_accuracy": [0.5476190447807312, 0.7222222089767456, 0.738095223903656, 0.7222222089767456, 0.8095238208770752, 0.8571428656578064, 0.8055555820465088, 0.7896825671195984, 0.8611111044883728, 0.8055555820465088, 0.8015872836112976, 0.8650793433189392, 0.8650793433189392, 0.8849206566810608, 0.89682537317276, 0.8650793433189392, 0.7976190447807312, 0.8214285969734192, 0.8571428656578064, 0.8055555820465088, 0.8253968358039856, 0.8928571343421936, 0.8690476417541504, 0.8888888955116272, 0.8769841194152832, 0.9126983880996704, 0.920634925365448, 0.8809523582458496, 0.8769841194152832, 0.9007936716079712, 0.8690476417541504, 0.8888888955116272, 0.908730149269104, 0.9047619104385376, 0.8492063283920288, 0.9007936716079712, 0.9007936716079712, 0.9047619104385376, 0.8888888955116272, 0.8888888955116272], "_timestamp": [1661563774, 1661564244, 1661564713, 1661565181, 1661565650, 1661566118, 1661566586, 1661567054, 1661567523, 1661567991, 1661568458, 1661568925, 1661569393, 1661569860, 1661570328, 1661570796, 1661571264, 1661571732, 1661572200, 1661572667, 1661573135, 1661573603, 1661574071, 1661574538, 1661575005, 1661575473, 1661575940, 1661576408, 1661576876, 1661577343, 1661577810, 1661578278, 1661578745, 1661579213, 1661579680, 1661580148, 1661580615, 1661581083, 1661581549, 1661582017], "_runtime": [480, 950, 1419, 1887, 2356, 2824, 3292, 3760, 4229, 4697, 5164, 5631, 6099, 6566, 7034, 7502, 7970, 8438, 8906, 9373, 9841, 10309, 10777, 11244, 11711, 12179, 12646, 13114, 13582, 14049, 14516, 14984, 15451, 15919, 16386, 16854, 17321, 17789, 18255, 18723]}