{"loss": [1.1369155645370483, 0.9516409635543823, 0.8268518447875977, 0.7233069539070129, 0.6745782494544983, 0.613099992275238, 0.5727626085281372, 0.5585253834724426, 0.5102387070655823, 0.4788903594017029, 0.4454488456249237, 0.43336760997772217, 0.43709784746170044, 0.40551021695137024, 0.3823617398738861, 0.38011059165000916, 0.34781384468078613, 0.3519047498703003, 0.3385281264781952, 0.3385327160358429, 0.31186923384666443, 0.29670771956443787, 0.28936031460762024, 0.2825848162174225, 0.2882709205150604, 0.26242563128471375, 0.2620193660259247, 0.2514788508415222, 0.2415090948343277, 0.23617374897003174, 0.22482086718082428, 0.2318609356880188, 0.21403464674949646, 0.2004939615726471, 0.18013179302215576, 0.1957758218050003, 0.199410542845726, 0.18573756515979767, 0.16823498904705048, 0.17531922459602356, 0.1524927020072937, 0.16329993307590485, 0.15786446630954742, 0.14673899114131927, 0.1378752738237381, 0.14207804203033447, 0.13983720541000366, 0.14276650547981262, 0.12204013764858246, 0.12631045281887054, 0.12984809279441833, 0.12898556888103485, 0.11529437452554703, 0.11159425973892212, 0.09796906262636185, 0.10893767327070236, 0.11712782829999924, 0.06675417721271515, 0.0903032049536705, 0.09173893928527832], "accuracy": [0.4961340129375458, 0.6101804375648499, 0.6610824465751648, 0.7261598110198975, 0.748711347579956, 0.7783505320549011, 0.7886598110198975, 0.7983247637748718, 0.8176546096801758, 0.8298969268798828, 0.842783510684967, 0.8505154848098755, 0.8421391844749451, 0.8550257682800293, 0.8730670213699341, 0.8685566782951355, 0.8769329786300659, 0.8801546096801758, 0.8878865838050842, 0.8865979313850403, 0.8923969268798828, 0.905927836894989, 0.8969072103500366, 0.9020618796348572, 0.9007731676101685, 0.9181700944900513, 0.905283510684967, 0.9097937941551208, 0.9188144207000732, 0.9213917255401611, 0.9239690899848938, 0.9252577424049377, 0.9310566782951355, 0.936211347579956, 0.9413659572601318, 0.9323453903198242, 0.9375, 0.9394329786300659, 0.9452319741249084, 0.9394329786300659, 0.9497422575950623, 0.9471649527549744, 0.9465206265449524, 0.9497422575950623, 0.9587628841400146, 0.9587628841400146, 0.9503865838050842, 0.9465206265449524, 0.9613401889801025, 0.9600515365600586, 0.9626288414001465, 0.9652062058448792, 0.9632731676101685, 0.9600515365600586, 0.9645618796348572, 0.9645618796348572, 0.9613401889801025, 0.9793814420700073, 0.9703608155250549, 0.9768041372299194], "val_loss": [0.9690448641777039, 0.8756598234176636, 0.8423448204994202, 0.6212109923362732, 0.6762167811393738, 0.5883201360702515, 0.51130610704422, 0.5265340209007263, 0.414672315120697, 0.5417162775993347, 0.4700548052787781, 0.35309353470802307, 0.3612946569919586, 0.4235987663269043, 0.33934468030929565, 0.3556881844997406, 0.4580344557762146, 0.38427484035491943, 0.38641467690467834, 0.40983888506889343, 0.36668074131011963, 0.24241049587726593, 0.2945809066295624, 0.311690092086792, 0.3531581461429596, 0.37136104702949524, 0.30620718002319336, 0.4305139482021332, 0.2728137969970703, 0.2827870547771454, 0.41948264837265015, 0.27849701046943665, 0.30037984251976013, 0.2672572433948517, 0.42862367630004883, 0.2917811870574951, 0.39618369936943054, 0.2080014944076538, 0.20722299814224243, 0.2939349114894867, 0.3941255509853363, 0.2583920657634735, 0.2428920418024063, 0.29174286127090454, 0.34003323316574097, 0.22799688577651978, 0.5217263102531433, 0.24797800183296204, 0.5952715277671814, 0.35008230805397034, 0.35449516773223877, 0.35174667835235596, 0.38255947828292847, 0.30122387409210205, 0.5087754726409912, 0.19801312685012817, 0.43404147028923035, 0.24106287956237793, 0.27694037556648254, 0.2624686658382416], "val_accuracy": [0.6190476417541504, 0.64682537317276, 0.7420634627342224, 0.7817460298538208, 0.7658730149269104, 0.829365074634552, 0.8611111044883728, 0.8373016119003296, 0.8849206566810608, 0.7896825671195984, 0.8253968358039856, 0.8928571343421936, 0.89682537317276, 0.8611111044883728, 0.8809523582458496, 0.8690476417541504, 0.817460298538208, 0.8809523582458496, 0.8849206566810608, 0.8690476417541504, 0.89682537317276, 0.9246031641960144, 0.9126983880996704, 0.8888888955116272, 0.8928571343421936, 0.9047619104385376, 0.9285714030265808, 0.8492063283920288, 0.9166666865348816, 0.9285714030265808, 0.8809523582458496, 0.9166666865348816, 0.932539701461792, 0.9365079402923584, 0.908730149269104, 0.9166666865348816, 0.908730149269104, 0.9365079402923584, 0.9444444179534912, 0.908730149269104, 0.8849206566810608, 0.9246031641960144, 0.932539701461792, 0.9246031641960144, 0.9246031641960144, 0.932539701461792, 0.841269850730896, 0.9246031641960144, 0.85317462682724, 0.9166666865348816, 0.9126983880996704, 0.9166666865348816, 0.89682537317276, 0.9166666865348816, 0.8809523582458496, 0.9285714030265808, 0.9007936716079712, 0.9285714030265808, 0.920634925365448, 0.9285714030265808], "_timestamp": [1660098869, 1660099097, 1660099325, 1660099554, 1660099781, 1660100009, 1660100236, 1660100464, 1660100691, 1660100919, 1660101147, 1660101374, 1660101603, 1660101830, 1660102058, 1660102286, 1660102514, 1660102741, 1660102969, 1660103197, 1660103425, 1660103652, 1660103879, 1660104106, 1660104334, 1660104561, 1660104789, 1660105015, 1660105243, 1660105470, 1660105696, 1660105924, 1660106150, 1660106378, 1660106606, 1660106833, 1660107060, 1660107287, 1660107515, 1660107743, 1660107970, 1660108196, 1660108424, 1660108652, 1660108879, 1660109106, 1660109333, 1660109560, 1660109787, 1660110014, 1660110241, 1660110468, 1660110695, 1660110922, 1660111150, 1660111377, 1660111604, 1660111831, 1660112059, 1660112286], "_runtime": [235, 463, 691, 920, 1147, 1375, 1602, 1830, 2057, 2285, 2513, 2740, 2969, 3196, 3424, 3652, 3880, 4107, 4335, 4563, 4791, 5018, 5245, 5472, 5700, 5927, 6155, 6381, 6609, 6836, 7062, 7290, 7516, 7744, 7972, 8199, 8426, 8653, 8881, 9109, 9336, 9562, 9790, 10018, 10245, 10472, 10699, 10926, 11153, 11380, 11607, 11834, 12061, 12288, 12516, 12743, 12970, 13197, 13425, 13652]}