{"graph": {"_type": "graph-file", "sha256": "070d3f097a8ea027fce1b3d1d8f35b1d739416f15894a0a37c3f2b1d6edf9e5c", "size": 2602, "path": "media/graph/graph_summary_070d3f097a8ea027fce1.graph.json"}, "epoch": 69, "_timestamp": 1661735573, "_runtime": 9423, "loss": 0.061064016073942184, "accuracy": 0.9797707200050354, "val_loss": 0.3034821152687073, "val_accuracy": 0.9435294270515442, "_step": 69, "best_val_loss": 0.19055607914924622, "best_epoch": 49, "_wandb": {"runtime": 9422}}