{"graph": {"_type": "graph-file", "sha256": "a8c9e68844fe39bbf8ede26f5ad4e3f03f629ba359390a3e0504732d8b6b74a3", "size": 2123, "path": "media/graph/graph_summary_a8c9e68844fe39bbf8ed.graph.json"}, "epoch": 39, "_timestamp": 1662666866, "_runtime": 7202, "loss": 0.3528611660003662, "accuracy": 0.879298746585846, "val_loss": 0.4896790385246277, "val_accuracy": 0.8447058796882629, "_step": 39, "best_val_loss": 0.41842690110206604, "best_epoch": 38, "_wandb": {"runtime": 7200}}