{"graph": {"_type": "graph-file", "sha256": "4c1e4540d4449cca736429e60752da32b9c5fe02edccd20ae93a0d8b8104f9a0", "size": 2120, "path": "media/graph/graph_summary_4c1e4540d4449cca7364.graph.json"}, "epoch": 39, "_timestamp": 1662769015, "_runtime": 11316, "loss": 0.17822828888893127, "accuracy": 0.9433580636978149, "val_loss": 0.3339692950248718, "val_accuracy": 0.8894117474555969, "_step": 39, "best_val_loss": 0.24155528843402863, "best_epoch": 28, "_wandb": {"runtime": 11315}}