{"graph": {"_type": "graph-file", "sha256": "9f2c3ecdcc7ef45f72aa3cde29c9394637acff0af15d0b8eea53f05f56e51268", "size": 2594, "path": "media/graph/graph_summary_9f2c3ecdcc7ef45f72aa.graph.json"}, "epoch": 19, "_timestamp": 1661044897, "_runtime": 689, "loss": 0.339517742395401, "accuracy": 0.8865979313850403, "val_loss": 0.3477453887462616, "val_accuracy": 0.8849206566810608, "_step": 19, "best_val_loss": 0.3429338037967682, "best_epoch": 17, "_wandb": {"runtime": 684}}