{"graph": {"_type": "graph-file", "sha256": "2dce192dbf2452d59e7a0dca5f6cea711ee9edfa93c618326b0cc89d535334cf", "size": 2596, "path": "media/graph/graph_summary_2dce192dbf2452d59e7a.graph.json"}, "epoch": 59, "_timestamp": 1660976052, "_runtime": 2668, "loss": 0.27296018600463867, "accuracy": 0.9097937941551208, "val_loss": 0.526622474193573, "val_accuracy": 0.7976190447807312, "_step": 59, "best_val_loss": 0.4009989798069, "best_epoch": 38, "_wandb": {"runtime": 2664}}