{"graph": {"_type": "graph-file", "sha256": "1ffefc7f5c47489a14c73ba6501a9241f19e3cc8d6fa7a3d9da27b98847dd09b", "size": 2594, "path": "media/graph/graph_summary_1ffefc7f5c47489a14c7.graph.json"}, "epoch": 39, "_timestamp": 1660897099, "_runtime": 1542, "loss": 0.34896397590637207, "accuracy": 0.8627577424049377, "val_loss": 0.4456082582473755, "val_accuracy": 0.8730158805847168, "_step": 39, "best_val_loss": 0.3190758228302002, "best_epoch": 36, "_wandb": {"runtime": 1541}}