{"graph": {"_type": "graph-file", "sha256": "14993125f2d27737122a9b48e1783a70e80eab323dfadb43d65cb5a8865ad5bf", "size": 2604, "path": "media/graph/graph_summary_14993125f2d27737122a.graph.json"}, "epoch": 69, "_timestamp": 1661112952, "_runtime": 10945, "loss": 1.3315300941467285, "accuracy": 0.34020617604255676, "val_loss": 1.261873483657837, "val_accuracy": 0.3333333432674408, "_step": 69, "best_val_loss": 0.9058567881584167, "best_epoch": 10, "_wandb": {"runtime": 10940}}