{"graph": {"_type": "graph-file", "sha256": "2d6b45e790cda30ac8d0ce802aabf15c0fab3f3a0b12796cd295d4042021feb1", "size": 2597, "path": "media/graph/graph_summary_2d6b45e790cda30ac8d0.graph.json"}, "epoch": 59, "_timestamp": 1661702260, "_runtime": 7394, "loss": 0.16039492189884186, "accuracy": 0.9521240592002869, "val_loss": 0.24923773109912872, "val_accuracy": 0.9200000166893005, "_step": 59, "best_val_loss": 0.20513291656970978, "best_epoch": 44, "_wandb": {"runtime": 7393}}