{"graph": {"_type": "graph-file", "sha256": "6301b832c738991b07397115eb6439346bb7cb78f757baefd15410d8769d87a5", "size": 2605, "path": "media/graph/graph_summary_6301b832c738991b0739.graph.json"}, "epoch": 59, "_timestamp": 1661000058, "_runtime": 4510, "loss": 0.4038155972957611, "accuracy": 0.8672680258750916, "val_loss": 0.3096185028553009, "val_accuracy": 0.9047619104385376, "_step": 59, "best_val_loss": 0.27905550599098206, "best_epoch": 47, "_wandb": {"runtime": 4505}}