{"graph": {"_type": "graph-file", "sha256": "5763df97e1b8a75911e0fb4356a533dd8ee1186e9e6060e1e107002481cf5fe5", "size": 2594, "path": "media/graph/graph_summary_5763df97e1b8a75911e0.graph.json"}, "epoch": 79, "_timestamp": 1661804971, "_runtime": 9276, "loss": 0.3369707763195038, "accuracy": 0.8766014575958252, "val_loss": 0.31995436549186707, "val_accuracy": 0.8894117474555969, "_step": 79, "best_val_loss": 0.31261754035949707, "best_epoch": 64, "_wandb": {"runtime": 9274}}