{"graph": {"_type": "graph-file", "sha256": "c344c380bacfe8a416419820c8b7dbe01b736159b9ff2ae9bbb46641be39b1d2", "size": 2594, "path": "media/graph/graph_summary_c344c380bacfe8a41641.graph.json"}, "epoch": 9, "_timestamp": 1660870186, "_runtime": 351, "loss": 1.04330313205719, "accuracy": 0.5438144207000732, "val_loss": 1.0601516962051392, "val_accuracy": 0.5753968358039856, "_step": 9, "best_val_loss": 1.0601516962051392, "best_epoch": 9, "_wandb": {"runtime": 349}}