{"graph": {"_type": "graph-file", "sha256": "85f0046c0919939464661e21e127d4b24e8b27655ff20b55b83e325984e49c00", "size": 2599, "path": "media/graph/graph_summary_85f0046c091993946466.graph.json"}, "epoch": 99, "_timestamp": 1655998184, "_runtime": 1386, "loss": 0.23104062676429749, "accuracy": 0.9160714149475098, "val_loss": 0.4627891480922699, "val_accuracy": 0.8409090638160706, "_step": 100, "best_val_loss": 0.323635458946228, "best_epoch": 58, "test_loss": 0.4471, "test_accuracy": 82.73, "config": {"batch_size": 8, "epochs": 100, "dropout_c1": 0.3, "dropout_c2": 0.1, "dropout_c3": 0.2, "dropout_c4": 0, "dropout_ga": 0.2, "num_features_c1": 64, "num_features_c2": 64, "num_features_c3": 64, "num_features_c4": 32, "learning_rate": 0.0005}, "_wandb": {"runtime": 1387}}