{"graph": {"_type": "graph-file", "sha256": "5a5b5d7f102e31ba85983ce026ec79f6ea830008690c2a018ce74c5a349c0c30", "size": 2602, "path": "media/graph/graph_summary_5a5b5d7f102e31ba8598.graph.json"}, "epoch": 6, "_timestamp": 1657832322, "_runtime": 175, "loss": 0.4628429412841797, "accuracy": 0.8497267961502075, "val_loss": 0.5050168037414551, "val_accuracy": 0.841269850730896, "_step": 6, "best_val_loss": 0.5050168037414551, "best_epoch": 6}