{"graph": {"_type": "graph-file", "sha256": "2f801cea5e24961abade5edd9b6dc5096fac6fe6f026c7c2f3be080226707593", "size": 2595, "path": "media/graph/graph_summary_2f801cea5e24961abade.graph.json"}, "epoch": 79, "_timestamp": 1661888327, "_runtime": 11052, "loss": 0.18525855243206024, "accuracy": 0.934592068195343, "val_loss": 0.3792252838611603, "val_accuracy": 0.8988234996795654, "_step": 79, "best_val_loss": 0.22312727570533752, "best_epoch": 70, "_wandb": {"runtime": 11050}}