{"graph": {"_type": "graph-file", "sha256": "615d3e7b96fd5042aa20afc985699b2e580680542197d43af390ff6830ba1215", "size": 2605, "path": "media/graph/graph_summary_615d3e7b96fd5042aa20.graph.json"}, "epoch": 9, "_timestamp": 1660875636, "_runtime": 709, "loss": 0.40346401929855347, "accuracy": 0.8614690899848938, "val_loss": 0.3406563401222229, "val_accuracy": 0.8730158805847168, "_step": 9, "best_val_loss": 0.3406563401222229, "best_epoch": 9, "_wandb": {"runtime": 708}}