{"graph": {"_type": "graph-file", "sha256": "02cf653852c4ff0f7adf373bd6b5236697f1780d8a6b8585c0e274d0aa4fcfff", "size": 2601, "path": "media/graph/graph_summary_02cf653852c4ff0f7adf.graph.json"}, "epoch": 39, "_timestamp": 1661101016, "_runtime": 2350, "loss": 1.3311595916748047, "accuracy": 0.34020617604255676, "val_loss": 1.260661005973816, "val_accuracy": 0.3333333432674408, "_step": 39, "best_val_loss": 1.255246877670288, "best_epoch": 25, "_wandb": {"runtime": 2344}}