{"graph": {"_type": "graph-file", "sha256": "8b8e973aaf6b21686240af99a8d7f739654baf03385cbaae610ddcbfc4d6eb14", "size": 2101, "path": "media/graph/graph_summary_8b8e973aaf6b21686240.graph.json"}, "epoch": 39, "_timestamp": 1662514667, "_runtime": 3476, "loss": 1.2779191732406616, "accuracy": 0.45178690552711487, "val_loss": 1.280330777168274, "val_accuracy": 0.548235297203064, "_step": 39, "best_val_loss": 1.280330777168274, "best_epoch": 39, "_wandb": {"runtime": 3475}}