{"graph": {"_type": "graph-file", "sha256": "e2fc99bab24a6ee4a6838f5fee6bb0d6c14a594468c0fb85681353c4080ee22c", "size": 2596, "path": "media/graph/graph_summary_e2fc99bab24a6ee4a683.graph.json"}, "epoch": 59, "_timestamp": 1655995259, "_runtime": 827, "loss": 0.14026546478271484, "accuracy": 0.9491071701049805, "val_loss": 0.7530949115753174, "val_accuracy": 0.814393937587738, "_step": 59, "best_val_loss": 0.4280020594596863, "best_epoch": 25}