{"graph": {"_type": "graph-file", "sha256": "da16a0e4dc9e476490616a4abb58a5571f365fed3a91b36dbccee3995a1f4c3a", "size": 2124, "path": "media/graph/graph_summary_da16a0e4dc9e47649061.graph.json"}, "epoch": 79, "_timestamp": 1662009223, "_runtime": 27678, "loss": 0.15419214963912964, "accuracy": 0.9440323710441589, "val_loss": 0.2835017144680023, "val_accuracy": 0.9152941107749939, "_step": 79, "best_val_loss": 0.2728247344493866, "best_epoch": 66, "_wandb": {"runtime": 27677}}