{"graph": {"_type": "graph-file", "sha256": "7dff0002b072af2a2afd9f91d24634e3347c50d3d2828f56243aad80412bb38c", "size": 2600, "path": "media/graph/graph_summary_7dff0002b072af2a2afd.graph.json"}, "epoch": 29, "_timestamp": 1661214747, "_runtime": 3873, "loss": 0.8892289996147156, "accuracy": 0.6494845151901245, "val_loss": 0.8872653245925903, "val_accuracy": 0.6865079402923584, "_step": 29, "best_val_loss": 0.8872653245925903, "best_epoch": 29, "_wandb": {"runtime": 3868}}