{"graph": {"_type": "graph-file", "sha256": "dc6f45bb58bb0a87bf44b679773236d50bb00c9c450819145c1b301a06e88be8", "size": 2128, "path": "media/graph/graph_summary_dc6f45bb58bb0a87bf44.graph.json"}, "epoch": 24, "_timestamp": 1663098827, "_runtime": 19813, "loss": 0.7426788210868835, "accuracy": 0.7269049286842346, "val_loss": 0.693107545375824, "val_accuracy": 0.7576470375061035, "_step": 24, "best_val_loss": 0.693107545375824, "best_epoch": 24}