{"graph": {"_type": "graph-file", "sha256": "28013c7191055336b7be13ba4e96e92ecbe9db593ca974d5bed59a2197797352", "size": 2599, "path": "media/graph/graph_summary_28013c7191055336b7be.graph.json"}, "epoch": 199, "_timestamp": 1656107870, "_runtime": 2928, "loss": 0.05825614929199219, "accuracy": 0.9864341020584106, "val_loss": 0.3750148117542267, "val_accuracy": 0.9017093777656555, "_step": 200, "best_val_loss": 0.25828686356544495, "best_epoch": 174, "test_loss": 0.3589, "test_accuracy": 90.11, "config": {"batch_size": 8, "epochs": 200, "dropout_c1": 0.3, "dropout_c2": 0.1, "dropout_c3": 0.2, "dropout_c4": 0, "dropout_ga": 0.2, "num_features_c1": 64, "num_features_c2": 64, "num_features_c3": 64, "num_features_c4": 64, "learning_rate": 0.0004}, "_wandb": {"runtime": 2929}}