{"graph": {"_type": "graph-file", "sha256": "6706a5d817292edda0ebe013474e0ae5f619523ce3dd4a0c3296f09a146f8b9e", "size": 2598, "path": "media/graph/graph_summary_6706a5d817292edda0eb.graph.json"}, "epoch": 99, "_timestamp": 1655978824, "_runtime": 1434, "loss": 0.28716421127319336, "accuracy": 0.8848214149475098, "val_loss": 0.4236821234226227, "val_accuracy": 0.8484848737716675, "_step": 100, "best_val_loss": 0.3496035039424896, "best_epoch": 97, "test_loss": 0.566, "test_accuracy": 80.91, "config": {"batch_size": 16, "max_epochs": 100, "min_epochs": 20, "dropout_c1": 0, "dropout_c2": 0.1, "dropout_c3": 0.2, "dropout_c4": 0.3, "dropout_ga": 0, "num_features_c1": 16, "num_features_c2": 32, "num_features_c3": 64, "num_features_c4": 128, "learning_rate": 0.001}, "_wandb": {"runtime": 1434}}