{"graph": {"_type": "graph-file", "sha256": "954c30d1753f6d1f6030ffcb8f842fab93c1024a1a40283472b9254b6dcf6d74", "size": 2596, "path": "media/graph/graph_summary_954c30d1753f6d1f6030.graph.json"}, "epoch": 99, "_timestamp": 1655986732, "_runtime": 1189, "loss": 0.3336208462715149, "accuracy": 0.8803571462631226, "val_loss": 0.4740302264690399, "val_accuracy": 0.7803030014038086, "_step": 100, "best_val_loss": 0.32595688104629517, "best_epoch": 91, "test_loss": 0.6346, "test_accuracy": 78.18, "config": {"batch_size": 16, "max_epochs": 100, "min_epochs": 20, "dropout_c1": 0, "dropout_c2": 0.1, "dropout_c3": 0.2, "dropout_c4": 0.3, "dropout_ga": 0, "num_features_c1": 16, "num_features_c2": 32, "num_features_c3": 64, "num_features_c4": 128, "learning_rate": 0.001}, "_wandb": {"runtime": 1190}}