{"graph": {"_type": "graph-file", "sha256": "5a5b5d7f102e31ba85983ce026ec79f6ea830008690c2a018ce74c5a349c0c30", "size": 2602, "path": "media/graph/graph_summary_5a5b5d7f102e31ba8598.graph.json"}, "epoch": 98, "_timestamp": 1657810916, "_runtime": 2655, "loss": 0.017803963273763657, "accuracy": 0.9921116232872009, "val_loss": 0.14427345991134644, "val_accuracy": 0.957446813583374, "_step": 98, "best_val_loss": 0.10877268761396408, "best_epoch": 74}