{"graph": {"_type": "graph-file", "sha256": "00eb3bc068621c99515052455b3bfdd4c09c07838cfb1d3c3c0f28d0610c7d5c", "size": 2607, "path": "media/graph/graph_summary_00eb3bc068621c995150.graph.json"}, "epoch": 90, "_timestamp": 1655994100, "_runtime": 1396, "loss": 0.08812358975410461, "accuracy": 0.9642857313156128, "val_loss": 0.6117372512817383, "val_accuracy": 0.8674242496490479, "_step": 91, "best_val_loss": 0.36207011342048645, "best_epoch": 50, "test_loss": 0.7807, "test_accuracy": 83.64, "config": {"batch_size": 8, "max_epochs": 100, "min_epochs": 40, "dropout_c1": 0.3, "dropout_c2": 0, "dropout_c3": 0.3, "dropout_c4": 0, "dropout_ga": 0.1, "num_features_c1": 64, "num_features_c2": 128, "num_features_c3": 64, "num_features_c4": 128, "learning_rate": 0.0005}, "_wandb": {"runtime": 1396}}