{"graph": {"_type": "graph-file", "sha256": "a11f4c8ef7a75e9683b056e60c778e322f2e68a46156046cf8f88488f35daede", "size": 2597, "path": "media/graph/graph_summary_a11f4c8ef7a75e9683b0.graph.json"}, "epoch": 28, "_timestamp": 1655990969, "_runtime": 433, "loss": 0.5721916556358337, "accuracy": 0.7794643044471741, "val_loss": 0.5083187818527222, "val_accuracy": 0.7727272510528564, "_step": 28, "best_val_loss": 0.41334009170532227, "best_epoch": 23}