{"graph": {"_type": "graph-file", "sha256": "ebdfb3a12db102fbdefa1c87bb0764c671966c8c52949917252d426cfa329aa4", "size": 2110, "path": "media/graph/graph_summary_ebdfb3a12db102fbdefa.graph.json"}, "epoch": 69, "_timestamp": 1661968892, "_runtime": 7565, "loss": 0.2773941457271576, "accuracy": 0.9184086322784424, "val_loss": 0.4141986668109894, "val_accuracy": 0.8682352900505066, "_step": 69, "best_val_loss": 0.3027001917362213, "best_epoch": 66, "_wandb": {"runtime": 7563}}