{"graph": {"_type": "graph-file", "sha256": "29d893b290b8174a241dc9da569c284bba0cadfc8b98adec98c24870f0d34fbc", "size": 2598, "path": "media/graph/graph_summary_29d893b290b8174a241d.graph.json"}, "epoch": 30, "_timestamp": 1661172173, "_runtime": 1728, "loss": 0.41637811064720154, "accuracy": 0.8550257682800293, "val_loss": 0.42403432726860046, "val_accuracy": 0.8730158805847168, "_step": 30, "best_val_loss": 0.40623798966407776, "best_epoch": 25}