{"graph": {"_type": "graph-file", "sha256": "29d893b290b8174a241dc9da569c284bba0cadfc8b98adec98c24870f0d34fbc", "size": 2598, "path": "media/graph/graph_summary_29d893b290b8174a241d.graph.json"}, "epoch": 39, "_timestamp": 1661172585, "_runtime": 2140, "loss": 0.3367822766304016, "accuracy": 0.8833763003349304, "val_loss": 0.4357829988002777, "val_accuracy": 0.8730158805847168, "_step": 39, "best_val_loss": 0.3166528046131134, "best_epoch": 36, "_wandb": {"runtime": 2136}}