{"graph": {"_type": "graph-file", "sha256": "0e56fadbcdbad06db47d2a7a8f9884447f713430aef71b2b9cc8f99ed65fc635", "size": 2597, "path": "media/graph/graph_summary_0e56fadbcdbad06db47d.graph.json"}, "epoch": 19, "_timestamp": 1661173326, "_runtime": 730, "loss": 0.2633263170719147, "accuracy": 0.9117268323898315, "val_loss": 0.37910905480384827, "val_accuracy": 0.8888888955116272, "_step": 19, "best_val_loss": 0.30871814489364624, "best_epoch": 13, "_wandb": {"runtime": 724}}