{"graph": {"_type": "graph-file", "sha256": "41c6eba9f97e284bdfac2f4c406cb3cc505b342a52853c13810cf0b3a2b899f9", "size": 2602, "path": "media/graph/graph_summary_41c6eba9f97e284bdfac.graph.json"}, "epoch": 89, "_timestamp": 1661087749, "_runtime": 8324, "loss": 0.1368681788444519, "accuracy": 0.9503865838050842, "val_loss": 0.3101538121700287, "val_accuracy": 0.9285714030265808, "_step": 89, "best_val_loss": 0.20056937634944916, "best_epoch": 60, "_wandb": {"runtime": 8319}}