{"graph": {"_type": "graph-file", "sha256": "e8eed9a9626222c2fc24cd2d287848c8bd31107ed31f01dd3546aa3ef857814f", "size": 2457, "path": "media/graph/graph_summary_e8eed9a9626222c2fc24.graph.json"}, "epoch": 49, "_timestamp": 1655927293, "_runtime": 798, "loss": 0.3650539815425873, "accuracy": 0.8705357313156128, "val_loss": 0.4419214129447937, "val_accuracy": 0.8068181872367859, "_step": 50, "best_val_loss": 0.41421428322792053, "best_epoch": 40, "test_loss": 0.5853, "test_accuracy": 82.73, "_wandb": {"runtime": 799}}