{"graph": {"_type": "graph-file", "sha256": "0852b148d99a9a42416c70cd754669c4c8fd3e005cc3c0f9504915135b6a1e35", "size": 2596, "path": "media/graph/graph_summary_0852b148d99a9a42416c.graph.json"}, "epoch": 97, "_timestamp": 1655970215, "_runtime": 1268, "loss": 0.15673433244228363, "accuracy": 0.9428571462631226, "val_loss": 0.40324872732162476, "val_accuracy": 0.8636363744735718, "_step": 98, "best_val_loss": 0.2777663767337799, "best_epoch": 77, "test_loss": 0.5059, "test_accuracy": 85.0, "config": {"batch_size": 16, "max_epochs": 100, "min_epochs": 20, "dropout_c1": 0, "dropout_c2": 0.1, "dropout_c3": 0.2, "dropout_c4": 0.3, "dropout_ga": 0, "num_features_c1": 16, "num_features_c2": 32, "num_features_c3": 64, "num_features_c4": 128, "learning_rate": 0.001}, "_wandb": {"runtime": 1269}}