{"graph": {"_type": "graph-file", "sha256": "2e45880107e179988f7e2f26b0dccf8e54d9ded5f13447f3ed3d42b819ceedb2", "size": 2109, "path": "media/graph/graph_summary_2e45880107e179988f7e.graph.json"}, "epoch": 49, "_timestamp": 1661961321, "_runtime": 3418, "loss": 0.8109018206596375, "accuracy": 0.6857720613479614, "val_loss": 0.7917860150337219, "val_accuracy": 0.729411780834198, "_step": 49, "best_val_loss": 0.7917860150337219, "best_epoch": 49, "_wandb": {"runtime": 3417}}