{"graph": {"_type": "graph-file", "sha256": "5a5b5d7f102e31ba85983ce026ec79f6ea830008690c2a018ce74c5a349c0c30", "size": 2602, "path": "media/graph/graph_summary_5a5b5d7f102e31ba8598.graph.json"}, "epoch": 0, "_timestamp": 1660098454, "_runtime": 597, "loss": 1.1838634014129639, "accuracy": 0.4510309398174286, "val_loss": 1.0893702507019043, "val_accuracy": 0.5873016119003296, "_step": 1, "best_val_loss": 1.0893702507019043, "best_epoch": 0, "test_loss": 1.1667, "test_accuracy": 54.6, "config": {"batch_size": 4, "epochs": 1, "dropout_c": 0.3, "dropout_ga": 0.1, "num_features_c1": 64, "num_features_c2": 64, "num_features_c3": 128, "num_features_c4": 64, "learning_rate": 0.0003}, "_wandb": {"runtime": 598}}