{"graph": {"_type": "graph-file", "sha256": "6ea4f54d9ee43996bdf451586c67b5d77ddcf71cacde5a4aa9400d1cf35d65d3", "size": 2600, "path": "media/graph/graph_summary_6ea4f54d9ee43996bdf4.graph.json"}, "epoch": 4, "_timestamp": 1661634169, "_runtime": 2018, "loss": 0.9390261173248291, "accuracy": 0.6217783689498901, "val_loss": 0.8768411874771118, "val_accuracy": 0.7103174328804016, "_step": 4, "best_val_loss": 0.8768411874771118, "best_epoch": 4}