{"graph": {"_type": "graph-file", "sha256": "6ea4f54d9ee43996bdf451586c67b5d77ddcf71cacde5a4aa9400d1cf35d65d3", "size": 2600, "path": "media/graph/graph_summary_6ea4f54d9ee43996bdf4.graph.json"}, "epoch": 19, "_timestamp": 1661640192, "_runtime": 8041, "loss": 0.5304392576217651, "accuracy": 0.811855673789978, "val_loss": 0.536034107208252, "val_accuracy": 0.8650793433189392, "_step": 19, "best_val_loss": 0.44491931796073914, "best_epoch": 17, "_wandb": {"runtime": 8139}}