{"graph": {"_type": "graph-file", "sha256": "dacfe2633b361e81bfba8ce8a87d3dc3ef87c6e67a03debf20c486ebde1e5805", "size": 2596, "path": "media/graph/graph_summary_dacfe2633b361e81bfba.graph.json"}, "epoch": 89, "_timestamp": 1661190539, "_runtime": 2325, "loss": 0.6052795052528381, "accuracy": 0.7783505320549011, "val_loss": 0.6492499113082886, "val_accuracy": 0.7658730149269104, "_step": 89, "best_val_loss": 0.5868640542030334, "best_epoch": 86, "_wandb": {"runtime": 2320}}