{"graph": {"_type": "graph-file", "sha256": "69f97175f26f2e8becec2e674d54ad5deeb2a1b2ac3d98c603363bb84a297edc", "size": 2122, "path": "media/graph/graph_summary_69f97175f26f2e8becec.graph.json"}, "epoch": 79, "_timestamp": 1662154283, "_runtime": 60213, "loss": 0.1879650056362152, "accuracy": 0.942009449005127, "val_loss": 0.3290417194366455, "val_accuracy": 0.8988234996795654, "_step": 79, "best_val_loss": 0.2511036992073059, "best_epoch": 76, "_wandb": {"runtime": 60212}}