{"graph": {"_type": "graph-file", "sha256": "5763df97e1b8a75911e0fb4356a533dd8ee1186e9e6060e1e107002481cf5fe5", "size": 2594, "path": "media/graph/graph_summary_5763df97e1b8a75911e0.graph.json"}, "epoch": 79, "_timestamp": 1661815362, "_runtime": 10384, "loss": 0.20521153509616852, "accuracy": 0.9305461645126343, "val_loss": 0.24657194316387177, "val_accuracy": 0.9270588159561157, "_step": 79, "best_val_loss": 0.20828552544116974, "best_epoch": 62, "_wandb": {"runtime": 10383}}