{"graph": {"_type": "graph-file", "sha256": "cb1bde672a20f63463304dd7c4019e9006fbb083ee871d8bfaaf944e6a7d68cf", "size": 2098, "path": "media/graph/graph_summary_cb1bde672a20f6346330.graph.json"}, "epoch": 39, "_timestamp": 1662521159, "_runtime": 2438, "loss": 0.9689812064170837, "accuracy": 0.5785569548606873, "val_loss": 0.9179667830467224, "val_accuracy": 0.6094117760658264, "_step": 39, "best_val_loss": 0.9179667830467224, "best_epoch": 39, "_wandb": {"runtime": 2436}}