{"graph": {"_type": "graph-file", "sha256": "e38240c89ef2f5566a651e6fc206312ea5f4b7b93aaa674d233fa597d0bda782", "size": 2118, "path": "media/graph/graph_summary_e38240c89ef2f5566a65.graph.json"}, "epoch": 49, "_timestamp": 1662585457, "_runtime": 20206, "loss": 0.30241650342941284, "accuracy": 0.9028995037078857, "val_loss": 0.3580734431743622, "val_accuracy": 0.8635293841362, "_step": 49, "best_val_loss": 0.321380615234375, "best_epoch": 45, "_wandb": {"runtime": 20204}}