{"graph": {"_type": "graph-file", "sha256": "a6191aa6a869aaea9a2abd99db0067f02c0e2473e1770b96d05cda9cd01c55f8", "size": 2594, "path": "media/graph/graph_summary_a6191aa6a869aaea9a2a.graph.json"}, "epoch": 69, "_timestamp": 1661164059, "_runtime": 3262, "loss": 1.3325923681259155, "accuracy": 0.34020617604255676, "val_loss": 1.2631868124008179, "val_accuracy": 0.3333333432674408, "_step": 69, "best_val_loss": 1.2505780458450317, "best_epoch": 19, "_wandb": {"runtime": 3257}}