{"graph": {"_type": "graph-file", "sha256": "9470cacf00f51f26ba3a385756a8c9baf951a5fbac61e2bd5c685bf4cfb2df00", "size": 2597, "path": "media/graph/graph_summary_9470cacf00f51f26ba3a.graph.json"}, "epoch": 49, "_timestamp": 1655954264, "_runtime": 806, "loss": 0.41158509254455566, "accuracy": 0.8383928537368774, "val_loss": 0.6004033088684082, "val_accuracy": 0.8068181872367859, "_step": 50, "best_val_loss": 0.4992905259132385, "best_epoch": 29, "test_loss": 0.6599, "test_accuracy": 83.18, "config": {"batch_size": 16, "max_epochs": 100, "min_epochs": 20, "dropout_c1": 0, "dropout_c2": 0.1, "dropout_c3": 0.2, "dropout_c4": 0.3, "dropout_ga": 0, "num_features_c1": 16, "num_features_c2": 32, "num_features_c3": 64, "num_features_c4": 128, "learning_rate": 0.001}, "_wandb": {"runtime": 807}}