{"graph": {"_type": "graph-file", "sha256": "5f3c0dda080c409b16290f53478cd0a6a5605b175a8b4ba512883a0655f38008", "size": 2597, "path": "media/graph/graph_summary_5f3c0dda080c409b1629.graph.json"}, "epoch": 75, "_timestamp": 1655932808, "_runtime": 973, "loss": 0.23458772897720337, "accuracy": 0.9125000238418579, "val_loss": 0.46932151913642883, "val_accuracy": 0.8598484992980957, "_step": 76, "best_val_loss": 0.3091520071029663, "best_epoch": 55, "test_loss": 0.5828, "test_accuracy": 82.73, "config": {"batch_size": 16, "max_epochs": 100, "min_epochs": 20, "dropout_c1": 0, "dropout_c2": 0.1, "dropout_c3": 0.2, "dropout_c4": 0.3, "dropout_ga": 0, "num_features_c1": 16, "num_features_c2": 32, "num_features_c3": 64, "num_features_c4": 128, "learning_rate": 0.001}, "_wandb": {"runtime": 973}}