{"graph": {"_type": "graph-file", "sha256": "80d5e7e74f5ce6e69290101edcbc48e6ffb482c9373e09ff7aa7cfee00169658", "size": 2606, "path": "media/graph/graph_summary_80d5e7e74f5ce6e69290.graph.json"}, "epoch": 35, "_timestamp": 1655962102, "_runtime": 499, "loss": 1.3808972835540771, "accuracy": 0.2857142984867096, "val_loss": 1.371335506439209, "val_accuracy": 0.27272728085517883, "_step": 36, "best_val_loss": 1.36982262134552, "best_epoch": 15, "test_loss": 1.3637, "test_accuracy": 27.27, "config": {"batch_size": 16, "max_epochs": 100, "min_epochs": 20, "dropout_c1": 0, "dropout_c2": 0.1, "dropout_c3": 0.2, "dropout_c4": 0.3, "dropout_ga": 0, "num_features_c1": 16, "num_features_c2": 32, "num_features_c3": 64, "num_features_c4": 128, "learning_rate": 0.001}, "_wandb": {"runtime": 501}}