{"graph": {"_type": "graph-file", "sha256": "fc844100bacfa5a0145464f423a153775e07095fdf2bd2505911ee682d3831f3", "size": 2596, "path": "media/graph/graph_summary_fc844100bacfa5a01454.graph.json"}, "epoch": 89, "_timestamp": 1655936852, "_runtime": 1478, "loss": 0.5456944704055786, "accuracy": 0.7928571701049805, "val_loss": 0.703595757484436, "val_accuracy": 0.7083333134651184, "_step": 90, "best_val_loss": 0.5249084830284119, "best_epoch": 69, "test_loss": 0.7275, "test_accuracy": 75.0, "config": {"batch_size": 16, "max_epochs": 100, "min_epochs": 20, "dropout_c1": 0, "dropout_c2": 0.1, "dropout_c3": 0.2, "dropout_c4": 0.3, "dropout_ga": 0, "num_features_c1": 16, "num_features_c2": 32, "num_features_c3": 64, "num_features_c4": 128, "learning_rate": 0.001}, "_wandb": {"runtime": 1479}}