{"graph": {"_type": "graph-file", "sha256": "dc6f45bb58bb0a87bf44b679773236d50bb00c9c450819145c1b301a06e88be8", "size": 2128, "path": "media/graph/graph_summary_dc6f45bb58bb0a87bf44.graph.json"}, "epoch": 29, "_timestamp": 1662965919, "_runtime": 22592, "loss": 0.15949638187885284, "accuracy": 0.9480782151222229, "val_loss": 0.2933403253555298, "val_accuracy": 0.9152941107749939, "_step": 29, "best_val_loss": 0.28809818625450134, "best_epoch": 26, "_wandb": {"runtime": 22591}}