{"graph": {"_type": "graph-file", "sha256": "e2afe2601736dcf27c0dda9d1245ef43342813985da61d741646e3dadfb6d1ae", "size": 2515, "path": "media/graph/graph_summary_e2afe2601736dcf27c0d.graph.json"}, "epoch": 7, "_timestamp": 1655147133, "_runtime": 447, "loss": 0.2840110957622528, "accuracy": 0.8311688303947449, "_step": 7}