{"graph": {"_type": "graph-file", "sha256": "dc6f45bb58bb0a87bf44b679773236d50bb00c9c450819145c1b301a06e88be8", "size": 2128, "path": "media/graph/graph_summary_dc6f45bb58bb0a87bf44.graph.json"}, "epoch": 49, "_timestamp": 1662826926, "_runtime": 30227, "loss": 0.0951278805732727, "accuracy": 0.9716790318489075, "val_loss": 0.2991921305656433, "val_accuracy": 0.9129411578178406, "_step": 49, "best_val_loss": 0.17539677023887634, "best_epoch": 37, "_wandb": {"runtime": 30225}}