{"graph": {"_type": "graph-file", "sha256": "430ccae66a11e969c51726be8182f437f71f49689427c0d86c90e7732d987128", "size": 2602, "path": "media/graph/graph_summary_430ccae66a11e969c517.graph.json"}, "epoch": 79, "_timestamp": 1660967842, "_runtime": 2918, "loss": 0.12846283614635468, "accuracy": 0.9542526006698608, "val_loss": 0.37439101934432983, "val_accuracy": 0.8849206566810608, "_step": 79, "best_val_loss": 0.26089048385620117, "best_epoch": 66, "_wandb": {"runtime": 2913}}