{"graph": {"_type": "graph-file", "sha256": "954c30d1753f6d1f6030ffcb8f842fab93c1024a1a40283472b9254b6dcf6d74", "size": 2596, "path": "media/graph/graph_summary_954c30d1753f6d1f6030.graph.json"}, "epoch": 79, "_timestamp": 1661795681, "_runtime": 8121, "loss": 0.1019308790564537, "accuracy": 0.9689818024635315, "val_loss": 0.20989453792572021, "val_accuracy": 0.9364705681800842, "_step": 79, "best_val_loss": 0.1419203132390976, "best_epoch": 67, "_wandb": {"runtime": 8119}}