{"graph": {"_type": "graph-file", "sha256": "efbe945a0f2b393f076654e2b88527f8e1b0841bc5208fd0eed14457054cece1", "size": 2113, "path": "media/graph/graph_summary_efbe945a0f2b393f0766.graph.json"}, "epoch": 39, "_timestamp": 1662565241, "_runtime": 6296, "loss": 0.29958033561706543, "accuracy": 0.8948078155517578, "val_loss": 0.672471284866333, "val_accuracy": 0.7976470589637756, "_step": 39, "best_val_loss": 0.35196688771247864, "best_epoch": 35, "_wandb": {"runtime": 6294}}