{"graph": {"_type": "graph-file", "sha256": "46d2ad62e7591e61ee50f1e9e1ce5946a538ac6009a6b389ca62af56d5e1c737", "size": 2600, "path": "media/graph/graph_summary_46d2ad62e7591e61ee50.graph.json"}, "epoch": 9, "_timestamp": 1661208340, "_runtime": 680, "loss": 1.033950686454773, "accuracy": 0.5650773048400879, "val_loss": 1.0697108507156372, "val_accuracy": 0.6071428656578064, "_step": 9, "best_val_loss": 1.064031958580017, "best_epoch": 7, "_wandb": {"runtime": 674}}