{"graph": {"_type": "graph-file", "sha256": "28013c7191055336b7be13ba4e96e92ecbe9db593ca974d5bed59a2197797352", "size": 2599, "path": "media/graph/graph_summary_28013c7191055336b7be.graph.json"}, "epoch": 119, "_timestamp": 1656102820, "_runtime": 1581, "loss": 0.17168249189853668, "accuracy": 0.942829430103302, "val_loss": 0.31629014015197754, "val_accuracy": 0.8974359035491943, "_step": 120, "best_val_loss": 0.31629014015197754, "best_epoch": 119, "test_loss": 0.4272, "test_accuracy": 87.18, "config": {"batch_size": 8, "epochs": 120, "dropout_c1": 0.3, "dropout_c2": 0.1, "dropout_c3": 0.2, "dropout_c4": 0, "dropout_ga": 0.2, "num_features_c1": 64, "num_features_c2": 64, "num_features_c3": 64, "num_features_c4": 64, "learning_rate": 0.0004}, "_wandb": {"runtime": 1582}}