{"graph": {"_type": "graph-file", "sha256": "f6428c1f379e33ef8f6a4fa854005dd80593b5132d248357ec29229cc30dc881", "size": 2604, "path": "media/graph/graph_summary_f6428c1f379e33ef8f6a.graph.json"}, "epoch": 79, "_timestamp": 1661092838, "_runtime": 5063, "loss": 0.2989897131919861, "accuracy": 0.905283510684967, "val_loss": 0.30630528926849365, "val_accuracy": 0.8849206566810608, "_step": 79, "best_val_loss": 0.28326186537742615, "best_epoch": 69, "_wandb": {"runtime": 5058}}