{"graph": {"_type": "graph-file", "sha256": "c6e0fd711a3cf3cd65e6453251f026226ab6c6b64528532eb3875b70a2fef40d", "size": 2599, "path": "media/graph/graph_summary_c6e0fd711a3cf3cd65e6.graph.json"}, "epoch": 39, "_timestamp": 1661124170, "_runtime": 2557, "loss": 0.6343161463737488, "accuracy": 0.7596649527549744, "val_loss": 0.6173374056816101, "val_accuracy": 0.8333333134651184, "_step": 39, "best_val_loss": 0.576464056968689, "best_epoch": 38, "_wandb": {"runtime": 2553}}