{"graph": {"_type": "graph-file", "sha256": "c47ffcb987de63e28e1f36401402a72ccd61ad6ca6624a99b9b5bb1d5c31d2bf", "size": 2106, "path": "media/graph/graph_summary_c47ffcb987de63e28e1f.graph.json"}, "epoch": 19, "_timestamp": 1662456832, "_runtime": 2615, "loss": 0.8662210702896118, "accuracy": 0.645987868309021, "val_loss": 0.8341686129570007, "val_accuracy": 0.7011764645576477, "_step": 19, "best_val_loss": 0.8221248388290405, "best_epoch": 17, "_wandb": {"runtime": 2613}}