{"graph": {"_type": "graph-file", "sha256": "e2fc99bab24a6ee4a6838f5fee6bb0d6c14a594468c0fb85681353c4080ee22c", "size": 2596, "path": "media/graph/graph_summary_e2fc99bab24a6ee4a683.graph.json"}, "epoch": 49, "_timestamp": 1655956476, "_runtime": 680, "loss": 0.2841768264770508, "accuracy": 0.8910714387893677, "val_loss": 0.3397846519947052, "val_accuracy": 0.9015151262283325, "_step": 50, "best_val_loss": 0.3299086093902588, "best_epoch": 29, "test_loss": 0.4063, "test_accuracy": 83.64, "config": {"batch_size": 16, "max_epochs": 100, "min_epochs": 20, "dropout_c1": 0, "dropout_c2": 0.1, "dropout_c3": 0.2, "dropout_c4": 0.3, "dropout_ga": 0, "num_features_c1": 16, "num_features_c2": 32, "num_features_c3": 64, "num_features_c4": 128, "learning_rate": 0.001}, "_wandb": {"runtime": 681}}