{"graph": {"_type": "graph-file", "sha256": "da16a0e4dc9e476490616a4abb58a5571f365fed3a91b36dbccee3995a1f4c3a", "size": 2124, "path": "media/graph/graph_summary_da16a0e4dc9e47649061.graph.json"}, "epoch": 39, "_timestamp": 1662845511, "_runtime": 18571, "loss": 0.12189092487096786, "accuracy": 0.9615644216537476, "val_loss": 0.25698113441467285, "val_accuracy": 0.9317647218704224, "_step": 39, "best_val_loss": 0.24239911139011383, "best_epoch": 25, "_wandb": {"runtime": 18569}}