{"graph": {"_type": "graph-file", "sha256": "9f2c3ecdcc7ef45f72aa3cde29c9394637acff0af15d0b8eea53f05f56e51268", "size": 2594, "path": "media/graph/graph_summary_9f2c3ecdcc7ef45f72aa.graph.json"}, "epoch": 19, "_timestamp": 1661195819, "_runtime": 576, "loss": 1.1334266662597656, "accuracy": 0.530283510684967, "val_loss": 1.1285902261734009, "val_accuracy": 0.60317462682724, "_step": 19, "best_val_loss": 1.1235085725784302, "best_epoch": 18, "_wandb": {"runtime": 571}}