{"graph": {"_type": "graph-file", "sha256": "fcbcbd0d1b14077c0e4b598df3f83235e65521f3bb395e1e33a2f60fae8aaee0", "size": 2606, "path": "media/graph/graph_summary_fcbcbd0d1b14077c0e4b.graph.json"}, "epoch": 39, "_timestamp": 1660881970, "_runtime": 6325, "loss": 0.3895018696784973, "accuracy": 0.875, "val_loss": 0.3649142384529114, "val_accuracy": 0.89682537317276, "_step": 39, "best_val_loss": 0.34637922048568726, "best_epoch": 35, "_wandb": {"runtime": 6323}}