{"graph": {"_type": "graph-file", "sha256": "615d3e7b96fd5042aa20afc985699b2e580680542197d43af390ff6830ba1215", "size": 2605, "path": "media/graph/graph_summary_615d3e7b96fd5042aa20.graph.json"}, "epoch": 29, "_timestamp": 1661141326, "_runtime": 2207, "loss": 0.22552385926246643, "accuracy": 0.9207473993301392, "val_loss": 0.25742846727371216, "val_accuracy": 0.8928571343421936, "_step": 29, "best_val_loss": 0.25742846727371216, "best_epoch": 29, "_wandb": {"runtime": 2202}}