{"graph": {"_type": "graph-file", "sha256": "19f458cb5d5a824fa836527fb9a0832c4088b66aef8d63404a9fb75713db25a3", "size": 2606, "path": "media/graph/graph_summary_19f458cb5d5a824fa836.graph.json"}, "epoch": 119, "_timestamp": 1656430909, "_runtime": 1785, "loss": 0.07627151161432266, "accuracy": 0.9753968119621277, "val_loss": 0.12855160236358643, "val_accuracy": 0.9674796462059021, "_step": 120, "best_val_loss": 0.09648638218641281, "best_epoch": 93, "test_loss": 0.1953, "test_accuracy": 92.77, "config": {"batch_size": 8, "epochs": 120, "dropout_c": 0.3, "dropout_ga": 0.1, "num_features_c1": 64, "num_features_c2": 128, "num_features_c3": 128, "num_features_c4": 64, "learning_rate": 0.0003}, "_wandb": {"runtime": 1786}}