{"graph": {"_type": "graph-file", "sha256": "d8d8528d1eb4118794828136d27e445373e1971850f31ec3a4f4ac800010846a", "size": 2605, "path": "media/graph/graph_summary_d8d8528d1eb411879482.graph.json"}, "epoch": 0, "_timestamp": 1656428977, "_runtime": 39, "loss": 1.0584077835083008, "accuracy": 0.4039682447910309, "val_loss": 0.937021017074585, "val_accuracy": 0.5691056847572327, "_step": 0, "best_val_loss": 0.937021017074585, "best_epoch": 0}