{"graph": {"_type": "graph-file", "sha256": "289d4d60d019bd2e64fff94e2e526fa0e1dc5f1b17aee663e5d3708e65ad9cab", "size": 2595, "path": "media/graph/graph_summary_289d4d60d019bd2e64ff.graph.json"}, "epoch": 79, "_timestamp": 1661772017, "_runtime": 7071, "loss": 0.4279516935348511, "accuracy": 0.8556979298591614, "val_loss": 0.35408756136894226, "val_accuracy": 0.8776470422744751, "_step": 79, "best_val_loss": 0.3520773947238922, "best_epoch": 72, "_wandb": {"runtime": 7069}}