{"graph": {"_type": "graph-file", "sha256": "6ea4f54d9ee43996bdf451586c67b5d77ddcf71cacde5a4aa9400d1cf35d65d3", "size": 2600, "path": "media/graph/graph_summary_6ea4f54d9ee43996bdf4.graph.json"}, "epoch": 89, "_timestamp": 1660941518, "_runtime": 9562, "loss": 0.3921143114566803, "accuracy": 0.8640463948249817, "val_loss": 0.3546753227710724, "val_accuracy": 0.8769841194152832, "_step": 89, "best_val_loss": 0.3217451572418213, "best_epoch": 87, "_wandb": {"runtime": 9559}}