{"graph": {"_type": "graph-file", "sha256": "1af762c8b02829c68711fd6990a2a845729cd573888b54cf37a6e6ba3a309d96", "size": 2608, "path": "media/graph/graph_summary_1af762c8b02829c68711.graph.json"}, "epoch": 9, "_timestamp": 1661650438, "_runtime": 2445, "loss": 0.9651162028312683, "accuracy": 0.6122724413871765, "val_loss": 1.0230547189712524, "val_accuracy": 0.6541176438331604, "_step": 9, "best_val_loss": 1.0230547189712524, "best_epoch": 9, "_wandb": {"runtime": 2444}}