{"graph": {"_type": "graph-file", "sha256": "69f97175f26f2e8becec2e674d54ad5deeb2a1b2ac3d98c603363bb84a297edc", "size": 2122, "path": "media/graph/graph_summary_69f97175f26f2e8becec.graph.json"}, "epoch": 49, "_timestamp": 1662558938, "_runtime": 22354, "loss": 0.2053181231021881, "accuracy": 0.9251517057418823, "val_loss": 0.30706873536109924, "val_accuracy": 0.8870587944984436, "_step": 49, "best_val_loss": 0.2926776111125946, "best_epoch": 46, "_wandb": {"runtime": 22352}}