{"graph": {"_type": "graph-file", "sha256": "a6191aa6a869aaea9a2abd99db0067f02c0e2473e1770b96d05cda9cd01c55f8", "size": 2594, "path": "media/graph/graph_summary_a6191aa6a869aaea9a2a.graph.json"}, "epoch": 59, "_timestamp": 1661838185, "_runtime": 5589, "loss": 0.3934224247932434, "accuracy": 0.8563722372055054, "val_loss": 0.35978734493255615, "val_accuracy": 0.8917647004127502, "_step": 59, "best_val_loss": 0.3075079619884491, "best_epoch": 58, "_wandb": {"runtime": 5587}}