{"graph": {"_type": "graph-file", "sha256": "8090f17b219c8e2a719f29adadb62aa99b40dd17a93f16739b72b7ec89339f79", "size": 2600, "path": "media/graph/graph_summary_8090f17b219c8e2a719f.graph.json"}, "epoch": 49, "_timestamp": 1660916008, "_runtime": 4680, "loss": 0.33361831307411194, "accuracy": 0.8782216310501099, "val_loss": 0.44332200288772583, "val_accuracy": 0.8492063283920288, "_step": 49, "best_val_loss": 0.4200727045536041, "best_epoch": 34, "_wandb": {"runtime": 4679}}