{"graph": {"_type": "graph-file", "sha256": "e4eecf71bd0fe2abd4681c5da4c3c680bb0b82a2975964c76ed611d7574fe2f1", "size": 2123, "path": "media/graph/graph_summary_e4eecf71bd0fe2abd468.graph.json"}, "epoch": 39, "_timestamp": 1662757693, "_runtime": 15290, "loss": 0.33514371514320374, "accuracy": 0.8819959759712219, "val_loss": 0.364499032497406, "val_accuracy": 0.8682352900505066, "_step": 39, "best_val_loss": 0.32786011695861816, "best_epoch": 38, "_wandb": {"runtime": 15288}}