{"graph": {"_type": "graph-file", "sha256": "fb9527637ddbc5560807dacd22c2682afcc2ddd6c1a8f4550d908d3359796119", "size": 2602, "path": "media/graph/graph_summary_fb9527637ddbc5560807.graph.json"}, "epoch": 99, "_timestamp": 1655967431, "_runtime": 1773, "loss": 0.2236148864030838, "accuracy": 0.9241071343421936, "val_loss": 0.3646802008152008, "val_accuracy": 0.8712121248245239, "_step": 100, "best_val_loss": 0.29409533739089966, "best_epoch": 94, "test_loss": 0.6044, "test_accuracy": 83.64, "config": {"batch_size": 16, "max_epochs": 100, "min_epochs": 20, "dropout_c1": 0, "dropout_c2": 0.1, "dropout_c3": 0.2, "dropout_c4": 0.3, "dropout_ga": 0, "num_features_c1": 16, "num_features_c2": 32, "num_features_c3": 64, "num_features_c4": 128, "learning_rate": 0.001}, "_wandb": {"runtime": 1775}}