{"graph": {"_type": "graph-file", "sha256": "4addc4c431ee243f61e3794441c66aed5be2ca7c013ea416d04bdbe40fd375cf", "size": 2606, "path": "media/graph/graph_summary_4addc4c431ee243f61e3.graph.json"}, "epoch": 2, "_timestamp": 1661234364, "_runtime": 288, "loss": 1.054101824760437, "accuracy": 0.5547680258750916, "val_loss": 1.0791008472442627, "val_accuracy": 0.6111111044883728, "_step": 2, "best_val_loss": 1.0791008472442627, "best_epoch": 2}