{"graph": {"_type": "graph-file", "sha256": "5e5f23c83449d70634af24b0120715867ae2bf826948238df8e5c05180bc985f", "size": 2602, "path": "media/graph/graph_summary_5e5f23c83449d70634af.graph.json"}, "epoch": 49, "_timestamp": 1661726145, "_runtime": 5527, "loss": 0.08385831117630005, "accuracy": 0.9716790318489075, "val_loss": 0.3074225187301636, "val_accuracy": 0.910588264465332, "_step": 49, "best_val_loss": 0.1892233043909073, "best_epoch": 35, "_wandb": {"runtime": 5525}}