{"graph": {"_type": "graph-file", "sha256": "319b2a32327b2aa5ccea73c2643ed3dd1bf0899aaeb7bbec1820cf3e0271023b", "size": 2122, "path": "media/graph/graph_summary_319b2a32327b2aa5ccea.graph.json"}, "epoch": 49, "_timestamp": 1662894991, "_runtime": 24143, "loss": 0.20733632147312164, "accuracy": 0.9318947792053223, "val_loss": 0.47124654054641724, "val_accuracy": 0.8494117856025696, "_step": 49, "best_val_loss": 0.29962313175201416, "best_epoch": 46, "_wandb": {"runtime": 24141}}