{"graph": {"_type": "graph-file", "sha256": "00eb3bc068621c99515052455b3bfdd4c09c07838cfb1d3c3c0f28d0610c7d5c", "size": 2607, "path": "media/graph/graph_summary_00eb3bc068621c995150.graph.json"}, "epoch": 99, "_timestamp": 1655948104, "_runtime": 1812, "loss": 0.23850814998149872, "accuracy": 0.9089285731315613, "val_loss": 0.32131847739219666, "val_accuracy": 0.8787878751754761, "_step": 100, "best_val_loss": 0.32131847739219666, "best_epoch": 99, "test_loss": 0.4884, "test_accuracy": 86.82, "config": {"batch_size": 16, "max_epochs": 100, "min_epochs": 20, "dropout_c1": 0, "dropout_c2": 0.1, "dropout_c3": 0.2, "dropout_c4": 0.3, "dropout_ga": 0, "num_features_c1": 16, "num_features_c2": 32, "num_features_c3": 64, "num_features_c4": 128, "learning_rate": 0.001}, "_wandb": {"runtime": 1813}}