{"graph": {"_type": "graph-file", "sha256": "62d730242dab88be7e83aa0608bdd6f3d8877da29ee8d0e2d92a4e5d69f08a5a", "size": 2601, "path": "media/graph/graph_summary_62d730242dab88be7e83.graph.json"}, "epoch": 29, "_timestamp": 1661694858, "_runtime": 4966, "loss": 0.7013257145881653, "accuracy": 0.7464599013328552, "val_loss": 0.6369035243988037, "val_accuracy": 0.8164705634117126, "_step": 29, "best_val_loss": 0.6369035243988037, "best_epoch": 29, "_wandb": {"runtime": 4965}}