{"graph": {"_type": "graph-file", "sha256": "fd73312f07465e81ea1e70610c1245f8e08aff73aaa883cd7f96e9e2798e2c8c", "size": 2123, "path": "media/graph/graph_summary_fd73312f07465e81ea1e.graph.json"}, "epoch": 49, "_timestamp": 1662990391, "_runtime": 24466, "loss": 0.1057434156537056, "accuracy": 0.9683074951171875, "val_loss": 0.29166409373283386, "val_accuracy": 0.9200000166893005, "_step": 49, "best_val_loss": 0.22091682255268097, "best_epoch": 43, "_wandb": {"runtime": 24465}}