{"graph": {"_type": "graph-file", "sha256": "706f97bd83d7ccdfda8a2b5569b8f46b12c15f2c44d4c7907dd42b3f09c8a2ba", "size": 2603, "path": "media/graph/graph_summary_706f97bd83d7ccdfda8a.graph.json"}, "epoch": 49, "_timestamp": 1661144835, "_runtime": 3497, "loss": 1.3309211730957031, "accuracy": 0.34020617604255676, "val_loss": 1.260577917098999, "val_accuracy": 0.3333333432674408, "_step": 49, "best_val_loss": 1.2517155408859253, "best_epoch": 13, "_wandb": {"runtime": 3492}}