{"graph": {"_type": "graph-file", "sha256": "05c9254143faa656be492a853c86fd5716843861298742368ab04603dcf34962", "size": 2606, "path": "media/graph/graph_summary_05c9254143faa656be49.graph.json"}, "epoch": 69, "_timestamp": 1660958972, "_runtime": 3800, "loss": 0.09409087151288986, "accuracy": 0.969716489315033, "val_loss": 0.5001428723335266, "val_accuracy": 0.7896825671195984, "_step": 69, "best_val_loss": 0.31023508310317993, "best_epoch": 34, "_wandb": {"runtime": 3796}}