{"graph": {"_type": "graph-file", "sha256": "63282800936331b1015338c0ec675f3805a4d6d1c86c9e4ba81979307da048bd", "size": 2597, "path": "media/graph/graph_summary_63282800936331b10153.graph.json"}, "epoch": 99, "_timestamp": 1661139106, "_runtime": 3495, "loss": 0.16027572751045227, "accuracy": 0.9503865838050842, "val_loss": 0.892295241355896, "val_accuracy": 0.658730149269104, "_step": 99, "best_val_loss": 0.4388365149497986, "best_epoch": 25, "_wandb": {"runtime": 3490}}