{"graph": {"_type": "graph-file", "sha256": "d8e0d594a482d20fb11b6e4b1440c0775ef336721035cb495eedf19c8daa9bf8", "size": 2600, "path": "media/graph/graph_summary_d8e0d594a482d20fb11b.graph.json"}, "epoch": 59, "_timestamp": 1661926628, "_runtime": 9001, "loss": 0.09932880848646164, "accuracy": 0.9710047245025635, "val_loss": 0.21576648950576782, "val_accuracy": 0.9270588159561157, "_step": 59, "best_val_loss": 0.1972246915102005, "best_epoch": 38, "_wandb": {"runtime": 8999}}