{"graph": {"_type": "graph-file", "sha256": "5a5b5d7f102e31ba85983ce026ec79f6ea830008690c2a018ce74c5a349c0c30", "size": 2602, "path": "media/graph/graph_summary_5a5b5d7f102e31ba8598.graph.json"}, "epoch": 43, "_timestamp": 1660108652, "_runtime": 10018, "loss": 0.14673899114131927, "accuracy": 0.9497422575950623, "val_loss": 0.29174286127090454, "val_accuracy": 0.9246031641960144, "_step": 43, "best_val_loss": 0.20722299814224243, "best_epoch": 38}