{"graph": {"_type": "graph-file", "sha256": "e19aa8b6a578baf653aa945ae6be7aca77c4e4dc937497f6018e282f06956a1b", "size": 2604, "path": "media/graph/graph_summary_e19aa8b6a578baf653aa.graph.json"}, "epoch": 29, "_timestamp": 1661040387, "_runtime": 2964, "loss": 0.5659111738204956, "accuracy": 0.7912371158599854, "val_loss": 0.3804834485054016, "val_accuracy": 0.8888888955116272, "_step": 29, "best_val_loss": 0.3804834485054016, "best_epoch": 29, "_wandb": {"runtime": 2956}}