{"graph": {"_type": "graph-file", "sha256": "1ec1fe796b770f97c2cad1f397f53ea023079e08d4e8b9e0cf98f94e3ba4b6fb", "size": 2600, "path": "media/graph/graph_summary_1ec1fe796b770f97c2ca.graph.json"}, "epoch": 68, "_timestamp": 1655990520, "_runtime": 1177, "loss": 0.40577325224876404, "accuracy": 0.8392857313156128, "val_loss": 0.5877016186714172, "val_accuracy": 0.7575757503509521, "_step": 69, "best_val_loss": 0.4787856638431549, "best_epoch": 48, "test_loss": 0.7506, "test_accuracy": 75.0, "config": {"batch_size": 16, "max_epochs": 100, "min_epochs": 20, "dropout_c1": 0, "dropout_c2": 0.1, "dropout_c3": 0.2, "dropout_c4": 0.3, "dropout_ga": 0, "num_features_c1": 16, "num_features_c2": 32, "num_features_c3": 64, "num_features_c4": 128, "learning_rate": 0.001}, "_wandb": {"runtime": 1178}}