{"graph": {"_type": "graph-file", "sha256": "c7677935e1783b3f49a22b3c63b0cb1f181c1267f6d3f91f9ea669dc4b147a9a", "size": 2597, "path": "media/graph/graph_summary_c7677935e1783b3f49a2.graph.json"}, "epoch": 19, "_timestamp": 1660989597, "_runtime": 1222, "loss": 0.39132195711135864, "accuracy": 0.8576030731201172, "val_loss": 0.321292906999588, "val_accuracy": 0.8769841194152832, "_step": 19, "best_val_loss": 0.321292906999588, "best_epoch": 19, "_wandb": {"runtime": 1217}}