{"graph": {"_type": "graph-file", "sha256": "2b35e57852ec66f7e2dcec1acc41ab1e44e52b0e2e32e99a4a0a3b6fe490a465", "size": 2600, "path": "media/graph/graph_summary_2b35e57852ec66f7e2dc.graph.json"}, "epoch": 9, "_timestamp": 1660891804, "_runtime": 408, "loss": 1.3319076299667358, "accuracy": 0.3395618498325348, "val_loss": 1.259503722190857, "val_accuracy": 0.3333333432674408, "_step": 9, "best_val_loss": 1.2501484155654907, "best_epoch": 7, "_wandb": {"runtime": 406}}