{"graph": {"_type": "graph-file", "sha256": "70125c49c043ea2654a5654ac36c7041fcb3e80f64f8db5d5f23fd23e1f37887", "size": 2600, "path": "media/graph/graph_summary_70125c49c043ea2654a5.graph.json"}, "epoch": 59, "_timestamp": 1661780146, "_runtime": 8122, "loss": 0.9839087128639221, "accuracy": 0.5987862348556519, "val_loss": 0.915448784828186, "val_accuracy": 0.6305882334709167, "_step": 59, "best_val_loss": 0.9153165817260742, "best_epoch": 50, "_wandb": {"runtime": 8121}}