{"graph": {"_type": "graph-file", "sha256": "7f8d1979f3ed68637f29e35fc882580b2f436146cc541288bdf48d3b69bf2f09", "size": 2120, "path": "media/graph/graph_summary_7f8d1979f3ed68637f29.graph.json"}, "epoch": 49, "_timestamp": 1663079009, "_runtime": 13063, "loss": 0.21836918592453003, "accuracy": 0.9265003204345703, "val_loss": 0.37045207619667053, "val_accuracy": 0.8917647004127502, "_step": 49, "best_val_loss": 0.2868555784225464, "best_epoch": 42, "_wandb": {"runtime": 13062}}