{"graph": {"_type": "graph-file", "sha256": "85f0046c0919939464661e21e127d4b24e8b27655ff20b55b83e325984e49c00", "size": 2599, "path": "media/graph/graph_summary_85f0046c091993946466.graph.json"}, "epoch": 22, "_timestamp": 1655999110, "_runtime": 326, "loss": 0.47922369837760925, "accuracy": 0.8294642567634583, "val_loss": 0.6220096945762634, "val_accuracy": 0.7575757503509521, "_step": 22, "best_val_loss": 0.5688775181770325, "best_epoch": 15}