{"graph": {"_type": "graph-file", "sha256": "5a5b5d7f102e31ba85983ce026ec79f6ea830008690c2a018ce74c5a349c0c30", "size": 2602, "path": "media/graph/graph_summary_5a5b5d7f102e31ba8598.graph.json"}, "epoch": 199, "_timestamp": 1657725387, "_runtime": 5080, "loss": 0.0006309371092356741, "accuracy": 1.0, "val_loss": 0.14770705997943878, "val_accuracy": 0.9754385948181152, "_step": 200, "best_val_loss": 0.04257907718420029, "best_epoch": 128, "test_loss": 0.2746, "test_accuracy": 94.44, "config": {"batch_size": 4, "epochs": 200, "dropout_c": 0.3, "dropout_ga": 0.1, "num_features_c1": 64, "num_features_c2": 64, "num_features_c3": 128, "num_features_c4": 64, "learning_rate": 0.0003}, "_wandb": {"runtime": 5080}}