{"graph": {"_type": "graph-file", "sha256": "ac8caf7a928045fc3b1a79a2c1225e10277fa852060d864ce907a8b044036ad4", "size": 2601, "path": "media/graph/graph_summary_ac8caf7a928045fc3b1a.graph.json"}, "epoch": 58, "_timestamp": 1655935361, "_runtime": 879, "loss": 0.1758393496274948, "accuracy": 0.9375, "val_loss": 0.5053932070732117, "val_accuracy": 0.8257575631141663, "_step": 59, "best_val_loss": 0.38459670543670654, "best_epoch": 38, "test_loss": 0.7686, "test_accuracy": 79.09, "config": {"batch_size": 16, "max_epochs": 100, "min_epochs": 20, "dropout_c1": 0, "dropout_c2": 0.1, "dropout_c3": 0.2, "dropout_c4": 0.3, "dropout_ga": 0, "num_features_c1": 16, "num_features_c2": 32, "num_features_c3": 64, "num_features_c4": 128, "learning_rate": 0.001}, "_wandb": {"runtime": 880}}