{"graph": {"_type": "graph-file", "sha256": "34f23b450197393d18e683f49758be1d241ee3e6ead7c2920344df9ba8928e80", "size": 2599, "path": "media/graph/graph_summary_34f23b450197393d18e6.graph.json"}, "epoch": 89, "_timestamp": 1655981493, "_runtime": 1322, "loss": 0.09310944378376007, "accuracy": 0.9696428775787354, "val_loss": 0.5807976126670837, "val_accuracy": 0.8636363744735718, "_step": 90, "best_val_loss": 0.3114296495914459, "best_epoch": 69, "test_loss": 0.7775, "test_accuracy": 82.27, "config": {"batch_size": 16, "max_epochs": 100, "min_epochs": 20, "dropout_c1": 0, "dropout_c2": 0.1, "dropout_c3": 0.2, "dropout_c4": 0.3, "dropout_ga": 0, "num_features_c1": 16, "num_features_c2": 32, "num_features_c3": 64, "num_features_c4": 128, "learning_rate": 0.001}, "_wandb": {"runtime": 1323}}