{"graph": {"_type": "graph-file", "sha256": "fd73312f07465e81ea1e70610c1245f8e08aff73aaa883cd7f96e9e2798e2c8c", "size": 2123, "path": "media/graph/graph_summary_fd73312f07465e81ea1e.graph.json"}, "epoch": 65, "_timestamp": 1662511074, "_runtime": 43577, "loss": 0.0859590694308281, "accuracy": 0.9683074951171875, "val_loss": 0.3287048637866974, "val_accuracy": 0.9200000166893005, "_step": 65, "best_val_loss": 0.2410278171300888, "best_epoch": 45}