{"graph": {"_type": "graph-file", "sha256": "5a24e5a35e222f09a79754e7aa473a561fdcb58264e8ba82afbb9c8a1ddb3a8b", "size": 2601, "path": "media/graph/graph_summary_5a24e5a35e222f09a797.graph.json"}, "epoch": 47, "_timestamp": 1655942685, "_runtime": 855, "loss": 0.3020459711551666, "accuracy": 0.8910714387893677, "val_loss": 0.5434092879295349, "val_accuracy": 0.810606062412262, "_step": 48, "best_val_loss": 0.3902284801006317, "best_epoch": 27, "test_loss": 0.8063, "test_accuracy": 74.55, "config": {"batch_size": 16, "max_epochs": 100, "min_epochs": 20, "dropout_c1": 0, "dropout_c2": 0.1, "dropout_c3": 0.2, "dropout_c4": 0.3, "dropout_ga": 0, "num_features_c1": 16, "num_features_c2": 32, "num_features_c3": 64, "num_features_c4": 128, "learning_rate": 0.001}, "_wandb": {"runtime": 857}}