{"graph": {"_type": "graph-file", "sha256": "d505eb4eeb2631ab26f4083fcfd35cc9c8415d9cca211ce1831c7e2930ddea6a", "size": 2606, "path": "media/graph/graph_summary_d505eb4eeb2631ab26f4.graph.json"}, "epoch": 49, "_timestamp": 1660929158, "_runtime": 13144, "loss": 0.411691278219223, "accuracy": 0.8595361113548279, "val_loss": 0.43533748388290405, "val_accuracy": 0.841269850730896, "_step": 49, "best_val_loss": 0.3440626263618469, "best_epoch": 43, "_wandb": {"runtime": 13142}}