{"graph": {"_type": "graph-file", "sha256": "aff5c8c1285048c4cd9406fcd7185da505ff206f23246da0d9354f5ac6a98e5c", "size": 2594, "path": "media/graph/graph_summary_aff5c8c1285048c4cd94.graph.json"}, "epoch": 79, "_timestamp": 1661044191, "_runtime": 3789, "loss": 0.4901701509952545, "accuracy": 0.8150773048400879, "val_loss": 0.41950660943984985, "val_accuracy": 0.8809523582458496, "_step": 79, "best_val_loss": 0.3326394855976105, "best_epoch": 74, "_wandb": {"runtime": 3784}}