{"graph": {"_type": "graph-file", "sha256": "6706a5d817292edda0ebe013474e0ae5f619523ce3dd4a0c3296f09a146f8b9e", "size": 2598, "path": "media/graph/graph_summary_6706a5d817292edda0eb.graph.json"}, "epoch": 98, "_timestamp": 1655980158, "_runtime": 1320, "loss": 0.28310316801071167, "accuracy": 0.8919642567634583, "val_loss": 0.35353556275367737, "val_accuracy": 0.8636363744735718, "_step": 99, "best_val_loss": 0.3265712857246399, "best_epoch": 78, "test_loss": 0.5096, "test_accuracy": 85.0, "config": {"batch_size": 16, "max_epochs": 100, "min_epochs": 20, "dropout_c1": 0, "dropout_c2": 0.1, "dropout_c3": 0.2, "dropout_c4": 0.3, "dropout_ga": 0, "num_features_c1": 16, "num_features_c2": 32, "num_features_c3": 64, "num_features_c4": 128, "learning_rate": 0.001}, "_wandb": {"runtime": 1321}}