{"graph": {"_type": "graph-file", "sha256": "11851563d05c3e2d891d9199ddc430bb8d87b890b558c1b41bb8c5e31b028b8e", "size": 2602, "path": "media/graph/graph_summary_11851563d05c3e2d891d.graph.json"}, "epoch": 119, "_timestamp": 1656431995, "_runtime": 2099, "loss": 0.0553511418402195, "accuracy": 0.9817460179328918, "val_loss": 0.10479032248258591, "val_accuracy": 0.9634146094322205, "_step": 120, "best_val_loss": 0.04352795332670212, "best_epoch": 111, "test_loss": 0.2133, "test_accuracy": 94.34, "config": {"batch_size": 4, "epochs": 120, "dropout_c": 0.3, "dropout_ga": 0.1, "num_features_c1": 64, "num_features_c2": 64, "num_features_c3": 128, "num_features_c4": 64, "learning_rate": 0.0003}, "_wandb": {"runtime": 2100}}