{"graph": {"_type": "graph-file", "sha256": "0f12304cc64c934370b6cdd7d23f64f020ca9990f939ea7364f25a4fae2ab06f", "size": 2595, "path": "media/graph/graph_summary_0f12304cc64c934370b6.graph.json"}, "epoch": 29, "_timestamp": 1660859541, "_runtime": 859, "loss": 1.0217173099517822, "accuracy": 0.593427836894989, "val_loss": 1.008859634399414, "val_accuracy": 0.5952380895614624, "_step": 29, "best_val_loss": 1.0009894371032715, "best_epoch": 28, "_wandb": {"runtime": 858}}