{"graph": {"_type": "graph-file", "sha256": "0f12304cc64c934370b6cdd7d23f64f020ca9990f939ea7364f25a4fae2ab06f", "size": 2595, "path": "media/graph/graph_summary_0f12304cc64c934370b6.graph.json"}, "epoch": 3, "_timestamp": 1660858803, "_runtime": 121, "loss": 1.2946168184280396, "accuracy": 0.4110824763774872, "val_loss": 1.2589569091796875, "val_accuracy": 0.4563491940498352, "_step": 3, "best_val_loss": 1.2589569091796875, "best_epoch": 3}