{"graph": {"_type": "graph-file", "sha256": "a8c9e68844fe39bbf8ede26f5ad4e3f03f629ba359390a3e0504732d8b6b74a3", "size": 2123, "path": "media/graph/graph_summary_a8c9e68844fe39bbf8ed.graph.json"}, "epoch": 39, "_timestamp": 1662742397, "_runtime": 7139, "loss": 0.341448038816452, "accuracy": 0.8887390494346619, "val_loss": 0.4143531620502472, "val_accuracy": 0.8611764907836914, "_step": 39, "best_val_loss": 0.4143531620502472, "best_epoch": 39, "_wandb": {"runtime": 7137}}