{"graph": {"_type": "graph-file", "sha256": "8090f17b219c8e2a719f29adadb62aa99b40dd17a93f16739b72b7ec89339f79", "size": 2600, "path": "media/graph/graph_summary_8090f17b219c8e2a719f.graph.json"}, "epoch": 49, "_timestamp": 1660955156, "_runtime": 10730, "loss": 0.660557746887207, "accuracy": 0.7525773048400879, "val_loss": 0.5174307227134705, "val_accuracy": 0.8611111044883728, "_step": 49, "best_val_loss": 0.47690802812576294, "best_epoch": 43, "_wandb": {"runtime": 10724}}