{"graph": {"_type": "graph-file", "sha256": "b2202e49c7a3185b89312daec824f5431f3769a7f3ababf74438023aceec06f1", "size": 2607, "path": "media/graph/graph_summary_b2202e49c7a3185b8931.graph.json"}, "epoch": 79, "_timestamp": 1661036277, "_runtime": 19495, "loss": 0.4282269775867462, "accuracy": 0.8408505320549011, "val_loss": 0.6947773694992065, "val_accuracy": 0.6904761791229248, "_step": 79, "best_val_loss": 0.547753095626831, "best_epoch": 69, "_wandb": {"runtime": 19490}}