{"graph": {"_type": "graph-file", "sha256": "3a1a488882bee2b38f3fc4fbb02d8dd5fae2bad72176af484cc89d79a41bf26a", "size": 2601, "path": "media/graph/graph_summary_3a1a488882bee2b38f3f.graph.json"}, "epoch": 89, "_timestamp": 1661016764, "_runtime": 4255, "loss": 0.047452956438064575, "accuracy": 0.9864690899848938, "val_loss": 0.4267314672470093, "val_accuracy": 0.908730149269104, "_step": 89, "best_val_loss": 0.19492462277412415, "best_epoch": 83, "_wandb": {"runtime": 4250}}