{"graph": {"_type": "graph-file", "sha256": "9f2c3ecdcc7ef45f72aa3cde29c9394637acff0af15d0b8eea53f05f56e51268", "size": 2594, "path": "media/graph/graph_summary_9f2c3ecdcc7ef45f72aa.graph.json"}, "epoch": 99, "_timestamp": 1655958647, "_runtime": 1543, "loss": 0.6333581209182739, "accuracy": 0.7580357193946838, "val_loss": 0.6242437958717346, "val_accuracy": 0.75, "_step": 100, "best_val_loss": 0.5740564465522766, "best_epoch": 98, "test_loss": 0.6389, "test_accuracy": 76.82, "config": {"batch_size": 16, "max_epochs": 100, "min_epochs": 20, "dropout_c1": 0, "dropout_c2": 0.1, "dropout_c3": 0.2, "dropout_c4": 0.3, "dropout_ga": 0, "num_features_c1": 16, "num_features_c2": 32, "num_features_c3": 64, "num_features_c4": 128, "learning_rate": 0.001}, "_wandb": {"runtime": 1544}}