{"graph": {"_type": "graph-file", "sha256": "cd12e8a921375bd36715a1dc4f1994edf1c0b466fd780a29557b5e6994e19f47", "size": 2602, "path": "media/graph/graph_summary_cd12e8a921375bd36715.graph.json"}, "epoch": 29, "_timestamp": 1660981082, "_runtime": 2302, "loss": 0.7773856520652771, "accuracy": 0.6984536051750183, "val_loss": 0.6947702765464783, "val_accuracy": 0.7936508059501648, "_step": 29, "best_val_loss": 0.6725094318389893, "best_epoch": 28, "_wandb": {"runtime": 2298}}