{"graph": {"_type": "graph-file", "sha256": "e6b204684b8c1c43c3b7704afa436a67bfb7842d6dd23e3fd9d8d5e26370a6c0", "size": 2110, "path": "media/graph/graph_summary_e6b204684b8c1c43c3b7.graph.json"}, "epoch": 19, "_timestamp": 1662518716, "_runtime": 4042, "loss": 1.0418626070022583, "accuracy": 0.5569791197776794, "val_loss": 1.046293020248413, "val_accuracy": 0.5623529553413391, "_step": 19, "best_val_loss": 1.046293020248413, "best_epoch": 19, "_wandb": {"runtime": 4041}}