{"graph": {"_type": "graph-file", "sha256": "dc6f45bb58bb0a87bf44b679773236d50bb00c9c450819145c1b301a06e88be8", "size": 2128, "path": "media/graph/graph_summary_dc6f45bb58bb0a87bf44.graph.json"}, "epoch": 49, "_timestamp": 1662659650, "_runtime": 24028, "loss": 0.3075718581676483, "accuracy": 0.8900876641273499, "val_loss": 0.3684174716472626, "val_accuracy": 0.8776470422744751, "_step": 49, "best_val_loss": 0.2991395890712738, "best_epoch": 44, "_wandb": {"runtime": 24026}}