{"graph": {"_type": "graph-file", "sha256": "8608b071ab4106f591f0ac9db5dd57bae9ce6c42f510b4e902fcae516bbbe892", "size": 2601, "path": "media/graph/graph_summary_8608b071ab4106f591f0.graph.json"}, "epoch": 58, "_timestamp": 1655946281, "_runtime": 958, "loss": 0.22027312219142914, "accuracy": 0.918749988079071, "val_loss": 0.501673698425293, "val_accuracy": 0.8636363744735718, "_step": 59, "best_val_loss": 0.44638898968696594, "best_epoch": 38, "test_loss": 0.5089, "test_accuracy": 85.91, "config": {"batch_size": 16, "max_epochs": 100, "min_epochs": 20, "dropout_c1": 0, "dropout_c2": 0.1, "dropout_c3": 0.2, "dropout_c4": 0.3, "dropout_ga": 0, "num_features_c1": 16, "num_features_c2": 32, "num_features_c3": 64, "num_features_c4": 128, "learning_rate": 0.001}, "_wandb": {"runtime": 959}}