{"graph": {"_type": "graph-file", "sha256": "69f97175f26f2e8becec2e674d54ad5deeb2a1b2ac3d98c603363bb84a297edc", "size": 2122, "path": "media/graph/graph_summary_69f97175f26f2e8becec.graph.json"}, "epoch": 49, "_timestamp": 1662635607, "_runtime": 23282, "loss": 0.2643403112888336, "accuracy": 0.9028995037078857, "val_loss": 0.35828450322151184, "val_accuracy": 0.8870587944984436, "_step": 49, "best_val_loss": 0.29604342579841614, "best_epoch": 46, "_wandb": {"runtime": 23280}}