{"graph": {"_type": "graph-file", "sha256": "11851563d05c3e2d891d9199ddc430bb8d87b890b558c1b41bb8c5e31b028b8e", "size": 2602, "path": "media/graph/graph_summary_11851563d05c3e2d891d.graph.json"}, "epoch": 199, "_timestamp": 1656426173, "_runtime": 2876, "loss": 0.028011830523610115, "accuracy": 0.9904761910438538, "val_loss": 0.1498967409133911, "val_accuracy": 0.9552845358848572, "_step": 200, "best_val_loss": 0.03195087984204292, "best_epoch": 170, "test_loss": 0.2494, "test_accuracy": 94.34, "config": {"batch_size": 16, "epochs": 200, "dropout_c": 0.3, "dropout_ga": 0.2, "num_features_c1": 64, "num_features_c2": 64, "num_features_c3": 64, "num_features_c4": 64, "learning_rate": 0.0004}, "_wandb": {"runtime": 2878}}