{"graph": {"_type": "graph-file", "sha256": "5b4df576ef02688fb1d861331d4e9c2326605356c03280f18e240fd2f8bc08d1", "size": 2611, "path": "media/graph/graph_summary_5b4df576ef02688fb1d8.graph.json"}, "epoch": 59, "_timestamp": 1661057951, "_runtime": 13042, "loss": 0.26353251934051514, "accuracy": 0.9014175534248352, "val_loss": 1.1812924146652222, "val_accuracy": 0.60317462682724, "_step": 59, "best_val_loss": 0.7244220972061157, "best_epoch": 19, "_wandb": {"runtime": 13036}}