{"graph": {"_type": "graph-file", "sha256": "5e5f23c83449d70634af24b0120715867ae2bf826948238df8e5c05180bc985f", "size": 2602, "path": "media/graph/graph_summary_5e5f23c83449d70634af.graph.json"}, "epoch": 47, "_timestamp": 1655923078, "_runtime": 741, "loss": 0.32506248354911804, "accuracy": 0.8785714507102966, "val_loss": 0.5361860394477844, "val_accuracy": 0.7840909361839294, "_step": 48, "best_val_loss": 0.40313324332237244, "best_epoch": 37, "test_loss": 0.7043, "test_accuracy": 73.18, "_wandb": {"runtime": 742}}