{"graph": {"_type": "graph-file", "sha256": "caf6c649619d09646c7ca6062bc75b176da0091f2beb2c30d310b52de451917b", "size": 2600, "path": "media/graph/graph_summary_caf6c649619d09646c7c.graph.json"}, "epoch": 9, "_timestamp": 1660859891, "_runtime": 343, "loss": 0.8016724586486816, "accuracy": 0.688144326210022, "val_loss": 0.719987154006958, "val_accuracy": 0.7142857313156128, "_step": 9, "best_val_loss": 0.719987154006958, "best_epoch": 9, "_wandb": {"runtime": 341}}