{"graph": {"_type": "graph-file", "sha256": "dc6f45bb58bb0a87bf44b679773236d50bb00c9c450819145c1b301a06e88be8", "size": 2128, "path": "media/graph/graph_summary_dc6f45bb58bb0a87bf44.graph.json"}, "epoch": 39, "_timestamp": 1662094063, "_runtime": 22519, "loss": 0.1861724555492401, "accuracy": 0.933917760848999, "val_loss": 0.29567694664001465, "val_accuracy": 0.8894117474555969, "_step": 39, "best_val_loss": 0.25617796182632446, "best_epoch": 34, "_wandb": {"runtime": 22517}}