{"graph": {"_type": "graph-file", "sha256": "a9a6ec4cc3e3cffe1b6bcee1b883e78c52bd0b22f2a525eb36b4a8fba24dda65", "size": 2111, "path": "media/graph/graph_summary_a9a6ec4cc3e3cffe1b6b.graph.json"}, "epoch": 29, "_timestamp": 1662523933, "_runtime": 2760, "loss": 0.5408143401145935, "accuracy": 0.8051247596740723, "val_loss": 0.5209771990776062, "val_accuracy": 0.8305882215499878, "_step": 29, "best_val_loss": 0.5057315826416016, "best_epoch": 28, "_wandb": {"runtime": 2759}}