{"graph": {"_type": "graph-file", "sha256": "9378a8cc15bdc460b3f2be2a61b5bc77513a74f1e230b4a825135fdf4bf8642d", "size": 2597, "path": "media/graph/graph_summary_9378a8cc15bdc460b3f2.graph.json"}, "epoch": 87, "_timestamp": 1655938290, "_runtime": 1425, "loss": 0.29940155148506165, "accuracy": 0.8991071581840515, "val_loss": 0.5780788064002991, "val_accuracy": 0.8371211886405945, "_step": 88, "best_val_loss": 0.4224865734577179, "best_epoch": 67, "test_loss": 0.6353, "test_accuracy": 81.36, "config": {"batch_size": 16, "max_epochs": 100, "min_epochs": 20, "dropout_c1": 0, "dropout_c2": 0.1, "dropout_c3": 0.2, "dropout_c4": 0.3, "dropout_ga": 0, "num_features_c1": 16, "num_features_c2": 32, "num_features_c3": 64, "num_features_c4": 128, "learning_rate": 0.001}, "_wandb": {"runtime": 1426}}