{"graph": {"_type": "graph-file", "sha256": "63282800936331b1015338c0ec675f3805a4d6d1c86c9e4ba81979307da048bd", "size": 2597, "path": "media/graph/graph_summary_63282800936331b10153.graph.json"}, "epoch": 79, "_timestamp": 1661832589, "_runtime": 10428, "loss": 0.04655032977461815, "accuracy": 0.9824679493904114, "val_loss": 0.38782039284706116, "val_accuracy": 0.9058823585510254, "_step": 79, "best_val_loss": 0.2495553344488144, "best_epoch": 41, "_wandb": {"runtime": 10427}}