{"graph": {"_type": "graph-file", "sha256": "e38240c89ef2f5566a651e6fc206312ea5f4b7b93aaa674d233fa597d0bda782", "size": 2118, "path": "media/graph/graph_summary_e38240c89ef2f5566a65.graph.json"}, "epoch": 9, "_timestamp": 1662589567, "_runtime": 4103, "loss": 0.8028106093406677, "accuracy": 0.6884692907333374, "val_loss": 0.737760603427887, "val_accuracy": 0.7435294389724731, "_step": 9, "best_val_loss": 0.737760603427887, "best_epoch": 9, "_wandb": {"runtime": 4101}}