{"graph": {"_type": "graph-file", "sha256": "da16a0e4dc9e476490616a4abb58a5571f365fed3a91b36dbccee3995a1f4c3a", "size": 2124, "path": "media/graph/graph_summary_da16a0e4dc9e47649061.graph.json"}, "epoch": 49, "_timestamp": 1662870780, "_runtime": 23125, "loss": 0.04885626211762428, "accuracy": 0.9831422567367554, "val_loss": 0.21149909496307373, "val_accuracy": 0.9505882263183594, "_step": 49, "best_val_loss": 0.1985740065574646, "best_epoch": 38, "_wandb": {"runtime": 23123}}