{"graph": {"_type": "graph-file", "sha256": "954c30d1753f6d1f6030ffcb8f842fab93c1024a1a40283472b9254b6dcf6d74", "size": 2596, "path": "media/graph/graph_summary_954c30d1753f6d1f6030.graph.json"}, "epoch": 69, "_timestamp": 1661764941, "_runtime": 6944, "loss": 0.37118783593177795, "accuracy": 0.8698583841323853, "val_loss": 0.4096831977367401, "val_accuracy": 0.8611764907836914, "_step": 69, "best_val_loss": 0.38967522978782654, "best_epoch": 59, "_wandb": {"runtime": 6943}}