{"graph": {"_type": "graph-file", "sha256": "ff1bc31a84b645ecb978b40c970a84af15d19711f04a804f0c9fc58ea40ef58c", "size": 2606, "path": "media/graph/graph_summary_ff1bc31a84b645ecb978.graph.json"}, "epoch": 69, "_timestamp": 1661757990, "_runtime": 11932, "loss": 0.11240631341934204, "accuracy": 0.9608901143074036, "val_loss": 0.4397755265235901, "val_accuracy": 0.9082353115081787, "_step": 69, "best_val_loss": 0.32405930757522583, "best_epoch": 42, "_wandb": {"runtime": 11931}}