{"graph": {"_type": "graph-file", "sha256": "29d893b290b8174a241dc9da569c284bba0cadfc8b98adec98c24870f0d34fbc", "size": 2598, "path": "media/graph/graph_summary_29d893b290b8174a241d.graph.json"}, "epoch": 91, "_timestamp": 1655973046, "_runtime": 1454, "loss": 0.3465272784233093, "accuracy": 0.8785714507102966, "val_loss": 0.39217519760131836, "val_accuracy": 0.8522727489471436, "_step": 92, "best_val_loss": 0.334620863199234, "best_epoch": 71, "test_loss": 0.5635, "test_accuracy": 81.36, "config": {"batch_size": 16, "max_epochs": 100, "min_epochs": 20, "dropout_c1": 0, "dropout_c2": 0.1, "dropout_c3": 0.2, "dropout_c4": 0.3, "dropout_ga": 0, "num_features_c1": 16, "num_features_c2": 32, "num_features_c3": 64, "num_features_c4": 128, "learning_rate": 0.001}, "_wandb": {"runtime": 1455}}