{"graph": {"_type": "graph-file", "sha256": "da16a0e4dc9e476490616a4abb58a5571f365fed3a91b36dbccee3995a1f4c3a", "size": 2124, "path": "media/graph/graph_summary_da16a0e4dc9e47649061.graph.json"}, "epoch": 79, "_timestamp": 1662191465, "_runtime": 37154, "loss": 0.07864982634782791, "accuracy": 0.9757248759269714, "val_loss": 0.2514815628528595, "val_accuracy": 0.929411768913269, "_step": 79, "best_val_loss": 0.19527119398117065, "best_epoch": 78, "_wandb": {"runtime": 37152}}