{"graph": {"_type": "graph-file", "sha256": "77031bd376d172898ee68f0486562abb0a2ed74c39baaf5ceb3622fd786f9ba3", "size": 2600, "path": "media/graph/graph_summary_77031bd376d172898ee6.graph.json"}, "epoch": 69, "_timestamp": 1660978763, "_runtime": 2697, "loss": 0.2567136883735657, "accuracy": 0.9175257682800293, "val_loss": 1.4875680208206177, "val_accuracy": 0.4761904776096344, "_step": 69, "best_val_loss": 0.4291660487651825, "best_epoch": 19, "_wandb": {"runtime": 2692}}