{"graph": {"_type": "graph-file", "sha256": "b85a7c6074959cf3062053353b57d727a46ff8b1cbeae90afbf5c191598b9f88", "size": 2597, "path": "media/graph/graph_summary_b85a7c6074959cf30620.graph.json"}, "epoch": 90, "_timestamp": 1655953448, "_runtime": 1281, "loss": 0.18475301563739777, "accuracy": 0.9392856955528259, "val_loss": 0.4587990343570709, "val_accuracy": 0.875, "_step": 91, "best_val_loss": 0.32493603229522705, "best_epoch": 70, "test_loss": 0.6413, "test_accuracy": 83.18, "config": {"batch_size": 16, "max_epochs": 100, "min_epochs": 20, "dropout_c1": 0, "dropout_c2": 0.1, "dropout_c3": 0.2, "dropout_c4": 0.3, "dropout_ga": 0, "num_features_c1": 16, "num_features_c2": 32, "num_features_c3": 64, "num_features_c4": 128, "learning_rate": 0.001}, "_wandb": {"runtime": 1281}}