{"graph": {"_type": "graph-file", "sha256": "63282800936331b1015338c0ec675f3805a4d6d1c86c9e4ba81979307da048bd", "size": 2597, "path": "media/graph/graph_summary_63282800936331b10153.graph.json"}, "epoch": 42, "_timestamp": 1661821197, "_runtime": 5827, "loss": 0.10867100954055786, "accuracy": 0.9676331877708435, "val_loss": 0.22423003613948822, "val_accuracy": 0.9152941107749939, "_step": 42, "best_val_loss": 0.16775521636009216, "best_epoch": 37}