{"graph": {"_type": "graph-file", "sha256": "63282800936331b1015338c0ec675f3805a4d6d1c86c9e4ba81979307da048bd", "size": 2597, "path": "media/graph/graph_summary_63282800936331b10153.graph.json"}, "epoch": 49, "_timestamp": 1661822146, "_runtime": 6776, "loss": 0.09120114147663116, "accuracy": 0.9683074951171875, "val_loss": 0.2221813201904297, "val_accuracy": 0.9270588159561157, "_step": 49, "best_val_loss": 0.16775521636009216, "best_epoch": 37, "_wandb": {"runtime": 6774}}