{"graph": {"_type": "graph-file", "sha256": "da16a0e4dc9e476490616a4abb58a5571f365fed3a91b36dbccee3995a1f4c3a", "size": 2124, "path": "media/graph/graph_summary_da16a0e4dc9e47649061.graph.json"}, "epoch": 43, "_timestamp": 1662331798, "_runtime": 17001, "loss": 0.12953490018844604, "accuracy": 0.9595414996147156, "val_loss": 0.30124416947364807, "val_accuracy": 0.8964706063270569, "_step": 43, "best_val_loss": 0.26125821471214294, "best_epoch": 39}