{"graph": {"_type": "graph-file", "sha256": "28013c7191055336b7be13ba4e96e92ecbe9db593ca974d5bed59a2197797352", "size": 2599, "path": "media/graph/graph_summary_28013c7191055336b7be.graph.json"}, "epoch": 107, "_timestamp": 1656104913, "_runtime": 1468, "loss": 0.058347076177597046, "accuracy": 0.9806201457977295, "val_loss": 0.5825144052505493, "val_accuracy": 0.8888888955116272, "_step": 107, "best_val_loss": 0.19160334765911102, "best_epoch": 58}