{"graph": {"_type": "graph-file", "sha256": "41a375eaed74e2709b1e657b5bce222756ff1b87bf6d746680b822b5010b7e04", "size": 2597, "path": "media/graph/graph_summary_41a375eaed74e2709b1e.graph.json"}, "epoch": 52, "_timestamp": 1655945309, "_runtime": 927, "loss": 0.6602683663368225, "accuracy": 0.737500011920929, "val_loss": 0.7994972467422485, "val_accuracy": 0.7007575631141663, "_step": 53, "best_val_loss": 0.7328051924705505, "best_epoch": 32, "test_loss": 0.852, "test_accuracy": 70.0, "config": {"batch_size": 16, "max_epochs": 100, "min_epochs": 20, "dropout_c1": 0, "dropout_c2": 0.1, "dropout_c3": 0.2, "dropout_c4": 0.3, "dropout_ga": 0, "num_features_c1": 16, "num_features_c2": 32, "num_features_c3": 64, "num_features_c4": 128, "learning_rate": 0.001}, "_wandb": {"runtime": 928}}