{"graph": {"_type": "graph-file", "sha256": "490ecf9d89069b34f6635ffeec63d98532638c4b204894c43b1e45e7894a10f9", "size": 2600, "path": "media/graph/graph_summary_490ecf9d89069b34f663.graph.json"}, "epoch": 59, "_timestamp": 1661134402, "_runtime": 3431, "loss": 0.6500648856163025, "accuracy": 0.7628865838050842, "val_loss": 0.584091305732727, "val_accuracy": 0.8650793433189392, "_step": 59, "best_val_loss": 0.584091305732727, "best_epoch": 59, "_wandb": {"runtime": 3426}}