{"graph": {"_type": "graph-file", "sha256": "92a431af77aebe1822836ddf6b0934b261f4c02326196e4c4f17ad11a5fd1641", "size": 2515, "path": "media/graph/graph_summary_92a431af77aebe182283.graph.json"}, "epoch": 7, "_timestamp": 1655925684, "_runtime": 151, "loss": 1.820278286933899, "accuracy": 0.2857142984867096, "val_loss": 1.8365370035171509, "val_accuracy": 0.27272728085517883, "_step": 7, "best_val_loss": 1.8365370035171509, "best_epoch": 7}