{"graph": {"_type": "graph-file", "sha256": "29d893b290b8174a241dc9da569c284bba0cadfc8b98adec98c24870f0d34fbc", "size": 2598, "path": "media/graph/graph_summary_29d893b290b8174a241d.graph.json"}, "epoch": 81, "_timestamp": 1655975156, "_runtime": 1223, "loss": 0.22300176322460175, "accuracy": 0.9232142567634583, "val_loss": 0.5005015134811401, "val_accuracy": 0.8560606241226196, "_step": 82, "best_val_loss": 0.3169335722923279, "best_epoch": 61, "test_loss": 0.4964, "test_accuracy": 83.64, "config": {"batch_size": 16, "max_epochs": 100, "min_epochs": 20, "dropout_c1": 0, "dropout_c2": 0.1, "dropout_c3": 0.2, "dropout_c4": 0.3, "dropout_ga": 0, "num_features_c1": 16, "num_features_c2": 32, "num_features_c3": 64, "num_features_c4": 128, "learning_rate": 0.001}, "_wandb": {"runtime": 1224}}