{"graph": {"_type": "graph-file", "sha256": "6235dba7c11e884e26777145cd92d5a1f31633b2381d569e2568e58907ae73f6", "size": 2597, "path": "media/graph/graph_summary_6235dba7c11e884e2677.graph.json"}, "epoch": 93, "_timestamp": 1655968933, "_runtime": 1488, "loss": 0.499704509973526, "accuracy": 0.8142856955528259, "val_loss": 0.4972095489501953, "val_accuracy": 0.8068181872367859, "_step": 94, "best_val_loss": 0.4474593698978424, "best_epoch": 73, "test_loss": 0.5541, "test_accuracy": 79.09, "config": {"batch_size": 16, "max_epochs": 100, "min_epochs": 20, "dropout_c1": 0, "dropout_c2": 0.1, "dropout_c3": 0.2, "dropout_c4": 0.3, "dropout_ga": 0, "num_features_c1": 16, "num_features_c2": 32, "num_features_c3": 64, "num_features_c4": 128, "learning_rate": 0.001}, "_wandb": {"runtime": 1489}}