{"graph": {"_type": "graph-file", "sha256": "5a5b5d7f102e31ba85983ce026ec79f6ea830008690c2a018ce74c5a349c0c30", "size": 2602, "path": "media/graph/graph_summary_5a5b5d7f102e31ba8598.graph.json"}, "epoch": 127, "_timestamp": 1657913558, "_runtime": 2962, "loss": 0.03638821840286255, "accuracy": 0.9909793734550476, "val_loss": 0.4257269501686096, "val_accuracy": 0.9365079402923584, "_step": 128, "best_val_loss": 0.19971905648708344, "best_epoch": 45, "test_loss": 0.1421, "test_accuracy": 94.92, "config": {"batch_size": 4, "epochs": 128, "dropout_c": 0.3, "dropout_ga": 0.1, "num_features_c1": 64, "num_features_c2": 64, "num_features_c3": 128, "num_features_c4": 64, "learning_rate": 0.0003}, "_wandb": {"runtime": 2964}}