{"graph": {"_type": "graph-file", "sha256": "e4eecf71bd0fe2abd4681c5da4c3c680bb0b82a2975964c76ed611d7574fe2f1", "size": 2123, "path": "media/graph/graph_summary_e4eecf71bd0fe2abd468.graph.json"}, "epoch": 49, "_timestamp": 1662930692, "_runtime": 22013, "loss": 0.26744312047958374, "accuracy": 0.9049224257469177, "val_loss": 0.3610875606536865, "val_accuracy": 0.8776470422744751, "_step": 49, "best_val_loss": 0.34743577241897583, "best_epoch": 45, "_wandb": {"runtime": 22012}}