{"graph": {"_type": "graph-file", "sha256": "89ff290e013174d1aae35f33a8dcb64868d35f08223677dc492acb1dbe9dae58", "size": 2606, "path": "media/graph/graph_summary_89ff290e013174d1aae3.graph.json"}, "epoch": 49, "_timestamp": 1660995529, "_runtime": 5919, "loss": 0.1729663610458374, "accuracy": 0.9426546096801758, "val_loss": 0.20839670300483704, "val_accuracy": 0.9246031641960144, "_step": 49, "best_val_loss": 0.20839670300483704, "best_epoch": 49, "_wandb": {"runtime": 5915}}