{"graph": {"_type": "graph-file", "sha256": "16d31ed62bc270dbf961f2e62585775fb8d0cbaa78ce9d154b49edba58733391", "size": 2599, "path": "media/graph/graph_summary_16d31ed62bc270dbf961.graph.json"}, "epoch": 99, "_timestamp": 1655949966, "_runtime": 1851, "loss": 0.30705946683883667, "accuracy": 0.8857142925262451, "val_loss": 0.48689571022987366, "val_accuracy": 0.8257575631141663, "_step": 100, "best_val_loss": 0.37410181760787964, "best_epoch": 89, "test_loss": 0.6102, "test_accuracy": 84.09, "config": {"batch_size": 16, "max_epochs": 100, "min_epochs": 20, "dropout_c1": 0, "dropout_c2": 0.1, "dropout_c3": 0.2, "dropout_c4": 0.3, "dropout_ga": 0, "num_features_c1": 16, "num_features_c2": 32, "num_features_c3": 64, "num_features_c4": 128, "learning_rate": 0.001}, "_wandb": {"runtime": 1852}}