{"graph": {"_type": "graph-file", "sha256": "e1e045e456e21c615f803cc1ca72127c9d5de4deaab762bc260e9823bd4e5184", "size": 2600, "path": "media/graph/graph_summary_e1e045e456e21c615f80.graph.json"}, "epoch": 39, "_timestamp": 1660890911, "_runtime": 3376, "loss": 0.4363340139389038, "accuracy": 0.8634020686149597, "val_loss": 0.5755195021629333, "val_accuracy": 0.8333333134651184, "_step": 39, "best_val_loss": 0.49114111065864563, "best_epoch": 38, "_wandb": {"runtime": 3375}}