{"graph": {"_type": "graph-file", "sha256": "7c632aade899c868660c65f233c351a7acf2e8f132bdea2a382f030558e653c5", "size": 2108, "path": "media/graph/graph_summary_7c632aade899c868660c.graph.json"}, "epoch": 49, "_timestamp": 1662601456, "_runtime": 11883, "loss": 0.4115573465824127, "accuracy": 0.8543493151664734, "val_loss": 0.42602086067199707, "val_accuracy": 0.8541176319122314, "_step": 49, "best_val_loss": 0.4060458838939667, "best_epoch": 45, "_wandb": {"runtime": 11882}}