{"graph": {"_type": "graph-file", "sha256": "e8eed9a9626222c2fc24cd2d287848c8bd31107ed31f01dd3546aa3ef857814f", "size": 2457, "path": "media/graph/graph_summary_e8eed9a9626222c2fc24.graph.json"}, "epoch": 20, "_timestamp": 1655927801, "_runtime": 346, "loss": 1.1837021112442017, "accuracy": 0.5758928656578064, "val_loss": 1.1317838430404663, "val_accuracy": 0.560606062412262, "_step": 20, "best_val_loss": 1.1317838430404663, "best_epoch": 20}