{"graph": {"_type": "graph-file", "sha256": "26ba815e1aa4f3c700d88536db6e05aedaca480b19d6f86f6b14660ee98995b2", "size": 2604, "path": "media/graph/graph_summary_26ba815e1aa4f3c700d8.graph.json"}, "epoch": 49, "_timestamp": 1661679284, "_runtime": 11151, "loss": 1.3138388395309448, "accuracy": 0.3344571888446808, "val_loss": 1.311852216720581, "val_accuracy": 0.34117648005485535, "_step": 49, "best_val_loss": 1.3110157251358032, "best_epoch": 13, "_wandb": {"runtime": 11149}}