{"graph": {"_type": "graph-file", "sha256": "d1710a249f4eed61638a5368bf4d8c485e417a654f5ccf1ab8099d267c5d5724", "size": 2605, "path": "media/graph/graph_summary_d1710a249f4eed61638a.graph.json"}, "epoch": 63, "_timestamp": 1655941816, "_runtime": 1142, "loss": 1.3802961111068726, "accuracy": 0.2857142984867096, "val_loss": 1.3703148365020752, "val_accuracy": 0.27272728085517883, "_step": 64, "best_val_loss": 1.3695809841156006, "best_epoch": 43, "test_loss": 1.3619, "test_accuracy": 27.27, "config": {"batch_size": 16, "max_epochs": 100, "min_epochs": 20, "dropout_c1": 0, "dropout_c2": 0.1, "dropout_c3": 0.2, "dropout_c4": 0.3, "dropout_ga": 0, "num_features_c1": 16, "num_features_c2": 32, "num_features_c3": 64, "num_features_c4": 128, "learning_rate": 0.001}, "_wandb": {"runtime": 1143}}