{"graph": {"_type": "graph-file", "sha256": "5de52d863944c1c3648fcc1a5eff98bd2340793c3fdaa9aa6098835785a65078", "size": 2600, "path": "media/graph/graph_summary_5de52d863944c1c3648f.graph.json"}, "epoch": 29, "_timestamp": 1660874920, "_runtime": 1204, "loss": 1.3319941759109497, "accuracy": 0.3369845449924469, "val_loss": 1.2764079570770264, "val_accuracy": 0.3333333432674408, "_step": 29, "best_val_loss": 1.2490695714950562, "best_epoch": 25, "_wandb": {"runtime": 1202}}