{"graph": {"_type": "graph-file", "sha256": "11851563d05c3e2d891d9199ddc430bb8d87b890b558c1b41bb8c5e31b028b8e", "size": 2602, "path": "media/graph/graph_summary_11851563d05c3e2d891d.graph.json"}, "epoch": 176, "_timestamp": 1657320446, "_runtime": 2475, "loss": 0.02521306462585926, "accuracy": 0.9904013872146606, "val_loss": 0.19922901690006256, "val_accuracy": 0.9504950642585754, "_step": 176, "best_val_loss": 0.12752360105514526, "best_epoch": 72}