{"graph": {"_type": "graph-file", "sha256": "85d3b148d1582a003f0c8821aa7056f9b808cc71b8dbf1038dd47c1afb74dd41", "size": 2606, "path": "media/graph/graph_summary_85d3b148d1582a003f0c.graph.json"}, "epoch": 49, "_timestamp": 1661152842, "_runtime": 3085, "loss": 0.5504571795463562, "accuracy": 0.8125, "val_loss": 0.5236505270004272, "val_accuracy": 0.8650793433189392, "_step": 49, "best_val_loss": 0.516595184803009, "best_epoch": 45, "_wandb": {"runtime": 3077}}