{"graph": {"_type": "graph-file", "sha256": "e7d0f1bceeeaea7f2c516c93b734c7ff01fb58d2561e5aa7daa31c09aede0c62", "size": 2606, "path": "media/graph/graph_summary_e7d0f1bceeeaea7f2c51.graph.json"}, "epoch": 67, "_timestamp": 1655989331, "_runtime": 1526, "loss": 0.1246703714132309, "accuracy": 0.9517857432365417, "val_loss": 0.5193988680839539, "val_accuracy": 0.8484848737716675, "_step": 68, "best_val_loss": 0.341770201921463, "best_epoch": 47, "test_loss": 0.6649, "test_accuracy": 81.82, "config": {"batch_size": 16, "max_epochs": 100, "min_epochs": 20, "dropout_c1": 0, "dropout_c2": 0.1, "dropout_c3": 0.2, "dropout_c4": 0.3, "dropout_ga": 0, "num_features_c1": 16, "num_features_c2": 32, "num_features_c3": 64, "num_features_c4": 128, "learning_rate": 0.001}, "_wandb": {"runtime": 1526}}