{"graph": {"_type": "graph-file", "sha256": "23845134b341e73764a9a5407f02f4ab3a6acbd80bf40f8053ea35daaf9ff786", "size": 2601, "path": "media/graph/graph_summary_23845134b341e73764a9.graph.json"}, "epoch": 82, "_timestamp": 1655940664, "_runtime": 1385, "loss": 0.21367642283439636, "accuracy": 0.9267857074737549, "val_loss": 0.5917205810546875, "val_accuracy": 0.8295454382896423, "_step": 83, "best_val_loss": 0.41355597972869873, "best_epoch": 62, "test_loss": 0.5844, "test_accuracy": 81.82, "config": {"batch_size": 16, "max_epochs": 100, "min_epochs": 20, "dropout_c1": 0, "dropout_c2": 0.1, "dropout_c3": 0.2, "dropout_c4": 0.3, "dropout_ga": 0, "num_features_c1": 16, "num_features_c2": 32, "num_features_c3": 64, "num_features_c4": 128, "learning_rate": 0.001}, "_wandb": {"runtime": 1385}}