{"graph": {"_type": "graph-file", "sha256": "6235dba7c11e884e26777145cd92d5a1f31633b2381d569e2568e58907ae73f6", "size": 2597, "path": "media/graph/graph_summary_6235dba7c11e884e2677.graph.json"}, "epoch": 19, "_timestamp": 1661643634, "_runtime": 2932, "loss": 0.7314832806587219, "accuracy": 0.7275792360305786, "val_loss": 0.6379101276397705, "val_accuracy": 0.7882353067398071, "_step": 19, "best_val_loss": 0.6067153215408325, "best_epoch": 17, "_wandb": {"runtime": 2931}}