{"graph": {"_type": "graph-file", "sha256": "057d438a6a204bbee1cc2c5660353dda30a4084fd90d786d3debe288834ef0a4", "size": 2601, "path": "media/graph/graph_summary_057d438a6a204bbee1cc.graph.json"}, "epoch": 119, "_timestamp": 1657042357, "_runtime": 1932, "loss": 0.04591849446296692, "accuracy": 0.9870129823684692, "val_loss": 0.11895602196455002, "val_accuracy": 0.9593495726585388, "_step": 120, "best_val_loss": 0.0676473006606102, "best_epoch": 105, "test_loss": 0.1867, "test_accuracy": 93.71, "config": {"batch_size": 4, "epochs": 120, "dropout_c": 0.3, "dropout_ga": 0.1, "num_features_c1": 64, "num_features_c2": 64, "num_features_c3": 128, "num_features_c4": 64, "learning_rate": 0.0003}, "_wandb": {"runtime": 1933}}