{"graph": {"_type": "graph-file", "sha256": "5de52d863944c1c3648fcc1a5eff98bd2340793c3fdaa9aa6098835785a65078", "size": 2600, "path": "media/graph/graph_summary_5de52d863944c1c3648f.graph.json"}, "epoch": 39, "_timestamp": 1660893927, "_runtime": 2118, "loss": 0.4167158305644989, "accuracy": 0.8479381203651428, "val_loss": 0.4725342094898224, "val_accuracy": 0.8095238208770752, "_step": 39, "best_val_loss": 0.4007418155670166, "best_epoch": 37, "_wandb": {"runtime": 2115}}