{"graph": {"_type": "graph-file", "sha256": "aff5c8c1285048c4cd9406fcd7185da505ff206f23246da0d9354f5ac6a98e5c", "size": 2594, "path": "media/graph/graph_summary_aff5c8c1285048c4cd94.graph.json"}, "epoch": 69, "_timestamp": 1661061396, "_runtime": 3428, "loss": 0.3930651545524597, "accuracy": 0.874355673789978, "val_loss": 0.4767816364765167, "val_accuracy": 0.8214285969734192, "_step": 69, "best_val_loss": 0.3894748389720917, "best_epoch": 64, "_wandb": {"runtime": 3422}}