{"graph": {"_type": "graph-file", "sha256": "7197b9b7d604ace066c32d3da5c94bed60335c883cd3bd4f5099a68270cf2c5e", "size": 2600, "path": "media/graph/graph_summary_7197b9b7d604ace066c3.graph.json"}, "epoch": 9, "_timestamp": 1660891391, "_runtime": 468, "loss": 0.8004900813102722, "accuracy": 0.6997422575950623, "val_loss": 0.8104678988456726, "val_accuracy": 0.7936508059501648, "_step": 9, "best_val_loss": 0.8104678988456726, "best_epoch": 9, "_wandb": {"runtime": 466}}