{"graph": {"_type": "graph-file", "sha256": "438d528967a27a2712d390c709a0677a0818da2d14e999be4d128b1bd7d2303b", "size": 2601, "path": "media/graph/graph_summary_438d528967a27a2712d3.graph.json"}, "epoch": 59, "_timestamp": 1660887520, "_runtime": 2838, "loss": 0.29228442907333374, "accuracy": 0.8988401889801025, "val_loss": 0.3287266194820404, "val_accuracy": 0.89682537317276, "_step": 59, "best_val_loss": 0.2554088830947876, "best_epoch": 52, "_wandb": {"runtime": 2836}}