{"graph": {"_type": "graph-file", "sha256": "1af762c8b02829c68711fd6990a2a845729cd573888b54cf37a6e6ba3a309d96", "size": 2608, "path": "media/graph/graph_summary_1af762c8b02829c68711.graph.json"}, "epoch": 47, "_timestamp": 1655965645, "_runtime": 759, "loss": 1.3810845613479614, "accuracy": 0.2857142984867096, "val_loss": 1.3714110851287842, "val_accuracy": 0.27272728085517883, "_step": 48, "best_val_loss": 1.367711067199707, "best_epoch": 27, "test_loss": 1.3619, "test_accuracy": 27.27, "config": {"batch_size": 16, "max_epochs": 100, "min_epochs": 20, "dropout_c1": 0, "dropout_c2": 0.1, "dropout_c3": 0.2, "dropout_c4": 0.3, "dropout_ga": 0, "num_features_c1": 16, "num_features_c2": 32, "num_features_c3": 64, "num_features_c4": 128, "learning_rate": 0.001}, "_wandb": {"runtime": 760}}