{"graph": {"_type": "graph-file", "sha256": "85f0046c0919939464661e21e127d4b24e8b27655ff20b55b83e325984e49c00", "size": 2599, "path": "media/graph/graph_summary_85f0046c091993946466.graph.json"}, "epoch": 99, "_timestamp": 1656010085, "_runtime": 1512, "loss": 0.34315764904022217, "accuracy": 0.875, "val_loss": 0.36400941014289856, "val_accuracy": 0.8712121248245239, "_step": 100, "best_val_loss": 0.3571960926055908, "best_epoch": 90, "test_loss": 0.4488, "test_accuracy": 84.55, "config": {"batch_size": 8, "epochs": 100, "dropout_c1": 0.3, "dropout_c2": 0.1, "dropout_c3": 0.2, "dropout_c4": 0, "dropout_ga": 0.2, "num_features_c1": 64, "num_features_c2": 64, "num_features_c3": 64, "num_features_c4": 32, "learning_rate": 0.0003}, "_wandb": {"runtime": 1512}}