{"graph": {"_type": "graph-file", "sha256": "490ecf9d89069b34f6635ffeec63d98532638c4b204894c43b1e45e7894a10f9", "size": 2600, "path": "media/graph/graph_summary_490ecf9d89069b34f663.graph.json"}, "epoch": 59, "_timestamp": 1660869821, "_runtime": 3055, "loss": 0.5650292038917542, "accuracy": 0.8073453903198242, "val_loss": 0.5678699016571045, "val_accuracy": 0.8730158805847168, "_step": 59, "best_val_loss": 0.559767484664917, "best_epoch": 56, "_wandb": {"runtime": 3053}}