{"graph": {"_type": "graph-file", "sha256": "77c186011c060235fed84708d82b4ef244dab062a83a0afdb09fee8cf570009c", "size": 2607, "path": "media/graph/graph_summary_77c186011c060235fed8.graph.json"}, "epoch": 69, "_timestamp": 1661223895, "_runtime": 9134, "loss": 0.44488492608070374, "accuracy": 0.8472937941551208, "val_loss": 0.4016764760017395, "val_accuracy": 0.8809523582458496, "_step": 69, "best_val_loss": 0.4016764760017395, "best_epoch": 69, "_wandb": {"runtime": 9129}}