{"graph": {"_type": "graph-file", "sha256": "e8eed9a9626222c2fc24cd2d287848c8bd31107ed31f01dd3546aa3ef857814f", "size": 2457, "path": "media/graph/graph_summary_e8eed9a9626222c2fc24.graph.json"}, "epoch": 49, "_timestamp": 1655928709, "_runtime": 795, "loss": 0.3320692777633667, "accuracy": 0.8723214268684387, "val_loss": 0.4970308244228363, "val_accuracy": 0.810606062412262, "_step": 49, "best_val_loss": 0.365286260843277, "best_epoch": 44, "_wandb": {"runtime": 801}}