{"graph": {"_type": "graph-file", "sha256": "e7d0f1bceeeaea7f2c516c93b734c7ff01fb58d2561e5aa7daa31c09aede0c62", "size": 2606, "path": "media/graph/graph_summary_e7d0f1bceeeaea7f2c51.graph.json"}, "epoch": 29, "_timestamp": 1661668126, "_runtime": 17680, "loss": 1.3142167329788208, "accuracy": 0.32771408557891846, "val_loss": 1.3116672039031982, "val_accuracy": 0.3341176509857178, "_step": 29, "best_val_loss": 1.3110260963439941, "best_epoch": 10, "_wandb": {"runtime": 17678}}