{"graph": {"_type": "graph-file", "sha256": "5a5b5d7f102e31ba85983ce026ec79f6ea830008690c2a018ce74c5a349c0c30", "size": 2602, "path": "media/graph/graph_summary_5a5b5d7f102e31ba8598.graph.json"}, "epoch": 122, "_timestamp": 1657913605, "_runtime": 2966, "loss": 0.019834458827972412, "accuracy": 0.9948453903198242, "val_loss": 0.5529319047927856, "val_accuracy": 0.9166666865348816, "_step": 122, "best_val_loss": 0.1881389170885086, "best_epoch": 25}