{"graph": {"_type": "graph-file", "sha256": "c146a1a8663aecfb7c3b365cbd879f7fdc18c33909128b1b8e0c462eef7c513d", "size": 2607, "path": "media/graph/graph_summary_c146a1a8663aecfb7c3b.graph.json"}, "epoch": 9, "_timestamp": 1661094101, "_runtime": 1247, "loss": 1.0412482023239136, "accuracy": 0.5528350472450256, "val_loss": 1.0588760375976562, "val_accuracy": 0.5436508059501648, "_step": 9, "best_val_loss": 1.0390819311141968, "best_epoch": 6, "_wandb": {"runtime": 1242}}