{"graph": {"_type": "graph-file", "sha256": "4addc4c431ee243f61e3794441c66aed5be2ca7c013ea416d04bdbe40fd375cf", "size": 2606, "path": "media/graph/graph_summary_4addc4c431ee243f61e3.graph.json"}, "epoch": 9, "_timestamp": 1661175100, "_runtime": 916, "loss": 0.5305712819099426, "accuracy": 0.8125, "val_loss": 0.5431277751922607, "val_accuracy": 0.8134920597076416, "_step": 9, "best_val_loss": 0.4711712598800659, "best_epoch": 7, "_wandb": {"runtime": 912}}