{"graph": {"_type": "graph-file", "sha256": "1572556022da0739afaa6cc9bc2ec017a9a8ae8cdc4d4b118dd8c067a3a99ca4", "size": 2610, "path": "media/graph/graph_summary_1572556022da0739afaa.graph.json"}, "epoch": 44, "_timestamp": 1660908701, "_runtime": 11554, "loss": 0.5520443320274353, "accuracy": 0.811855673789978, "val_loss": 0.3973623514175415, "val_accuracy": 0.8888888955116272, "_step": 44, "best_val_loss": 0.3973623514175415, "best_epoch": 44}