{"graph": {"_type": "graph-file", "sha256": "c344c380bacfe8a416419820c8b7dbe01b736159b9ff2ae9bbb46641be39b1d2", "size": 2594, "path": "media/graph/graph_summary_c344c380bacfe8a41641.graph.json"}, "epoch": 69, "_timestamp": 1661917613, "_runtime": 7209, "loss": 0.20086722075939178, "accuracy": 0.9285232424736023, "val_loss": 0.3032061755657196, "val_accuracy": 0.9082353115081787, "_step": 69, "best_val_loss": 0.2876463532447815, "best_epoch": 54, "_wandb": {"runtime": 7207}}