{"graph": {"_type": "graph-file", "sha256": "0b3bad8109eef6aee9ae9c5555441fe5dfe027ee857aae02348fd265789ba32d", "size": 2606, "path": "media/graph/graph_summary_0b3bad8109eef6aee9ae.graph.json"}, "epoch": 99, "_timestamp": 1661009664, "_runtime": 6454, "loss": 0.07154163718223572, "accuracy": 0.9780927896499634, "val_loss": 0.26449328660964966, "val_accuracy": 0.932539701461792, "_step": 99, "best_val_loss": 0.17320957779884338, "best_epoch": 64, "_wandb": {"runtime": 6449}}