{"graph": {"_type": "graph-file", "sha256": "85f0046c0919939464661e21e127d4b24e8b27655ff20b55b83e325984e49c00", "size": 2599, "path": "media/graph/graph_summary_85f0046c091993946466.graph.json"}, "epoch": 84, "_timestamp": 1655976351, "_runtime": 1184, "loss": 0.2605349123477936, "accuracy": 0.9017857313156128, "val_loss": 0.3274421989917755, "val_accuracy": 0.8712121248245239, "_step": 85, "best_val_loss": 0.28390932083129883, "best_epoch": 64, "test_loss": 0.4225, "test_accuracy": 84.09, "config": {"batch_size": 16, "max_epochs": 100, "min_epochs": 20, "dropout_c1": 0, "dropout_c2": 0.1, "dropout_c3": 0.2, "dropout_c4": 0.3, "dropout_ga": 0, "num_features_c1": 16, "num_features_c2": 32, "num_features_c3": 64, "num_features_c4": 128, "learning_rate": 0.001}, "_wandb": {"runtime": 1185}}