{"graph": {"_type": "graph-file", "sha256": "fd73312f07465e81ea1e70610c1245f8e08aff73aaa883cd7f96e9e2798e2c8c", "size": 2123, "path": "media/graph/graph_summary_fd73312f07465e81ea1e.graph.json"}, "epoch": 49, "_timestamp": 1663065936, "_runtime": 33301, "loss": 0.1373084932565689, "accuracy": 0.9554955959320068, "val_loss": 0.26131972670555115, "val_accuracy": 0.9270588159561157, "_step": 49, "best_val_loss": 0.21274906396865845, "best_epoch": 46, "_wandb": {"runtime": 33300}}