{"graph": {"_type": "graph-file", "sha256": "438d528967a27a2712d390c709a0677a0818da2d14e999be4d128b1bd7d2303b", "size": 2601, "path": "media/graph/graph_summary_438d528967a27a2712d3.graph.json"}, "epoch": 61, "_timestamp": 1655939267, "_runtime": 967, "loss": 0.3208146095275879, "accuracy": 0.8830357193946838, "val_loss": 0.7064118385314941, "val_accuracy": 0.7954545617103577, "_step": 62, "best_val_loss": 0.5164139270782471, "best_epoch": 41, "test_loss": 0.7039, "test_accuracy": 81.82, "config": {"batch_size": 16, "max_epochs": 100, "min_epochs": 20, "dropout_c1": 0, "dropout_c2": 0.1, "dropout_c3": 0.2, "dropout_c4": 0.3, "dropout_ga": 0, "num_features_c1": 16, "num_features_c2": 32, "num_features_c3": 64, "num_features_c4": 128, "learning_rate": 0.001}, "_wandb": {"runtime": 967}}