{"graph": {"_type": "graph-file", "sha256": "63282800936331b1015338c0ec675f3805a4d6d1c86c9e4ba81979307da048bd", "size": 2597, "path": "media/graph/graph_summary_63282800936331b10153.graph.json"}, "epoch": 49, "_timestamp": 1661689884, "_runtime": 6635, "loss": 0.23631472885608673, "accuracy": 0.9251517057418823, "val_loss": 0.26386120915412903, "val_accuracy": 0.9058823585510254, "_step": 49, "best_val_loss": 0.253383994102478, "best_epoch": 44, "_wandb": {"runtime": 6634}}