{"graph": {"_type": "graph-file", "sha256": "c146a1a8663aecfb7c3b365cbd879f7fdc18c33909128b1b8e0c462eef7c513d", "size": 2607, "path": "media/graph/graph_summary_c146a1a8663aecfb7c3b.graph.json"}, "epoch": 69, "_timestamp": 1661121598, "_runtime": 8627, "loss": 0.2581401765346527, "accuracy": 0.9123711585998535, "val_loss": 0.22259438037872314, "val_accuracy": 0.920634925365448, "_step": 69, "best_val_loss": 0.1943385750055313, "best_epoch": 64, "_wandb": {"runtime": 8617}}