{"graph": {"_type": "graph-file", "sha256": "e4eecf71bd0fe2abd4681c5da4c3c680bb0b82a2975964c76ed611d7574fe2f1", "size": 2123, "path": "media/graph/graph_summary_e4eecf71bd0fe2abd468.graph.json"}, "epoch": 49, "_timestamp": 1663032629, "_runtime": 29664, "loss": 0.22653070092201233, "accuracy": 0.9217801690101624, "val_loss": 0.31981122493743896, "val_accuracy": 0.8705882430076599, "_step": 49, "best_val_loss": 0.22538447380065918, "best_epoch": 46, "_wandb": {"runtime": 29662}}