{"graph": {"_type": "graph-file", "sha256": "04a62717a33a863edd4855fada42b8dec3b48ff722d2bf50513e9833b0ee09dd", "size": 2596, "path": "media/graph/graph_summary_04a62717a33a863edd48.graph.json"}, "epoch": 79, "_timestamp": 1661709411, "_runtime": 7137, "loss": 0.19673188030719757, "accuracy": 0.933917760848999, "val_loss": 0.255720317363739, "val_accuracy": 0.9200000166893005, "_step": 79, "best_val_loss": 0.21598415076732635, "best_epoch": 76, "_wandb": {"runtime": 7136}}