{"graph": {"_type": "graph-file", "sha256": "78475ac11dbc9d5927c8c7d9345fed179a16d3560bec3d15ad37274f490f3f28", "size": 2601, "path": "media/graph/graph_summary_78475ac11dbc9d5927c8.graph.json"}, "epoch": 69, "_timestamp": 1655961589, "_runtime": 1069, "loss": 0.2013084888458252, "accuracy": 0.9232142567634583, "val_loss": 0.38627737760543823, "val_accuracy": 0.8636363744735718, "_step": 70, "best_val_loss": 0.3056698739528656, "best_epoch": 49, "test_loss": 0.4341, "test_accuracy": 83.64, "config": {"batch_size": 16, "max_epochs": 100, "min_epochs": 20, "dropout_c1": 0, "dropout_c2": 0.1, "dropout_c3": 0.2, "dropout_c4": 0.3, "dropout_ga": 0, "num_features_c1": 16, "num_features_c2": 32, "num_features_c3": 64, "num_features_c4": 128, "learning_rate": 0.001}, "_wandb": {"runtime": 1070}}