{"graph": {"_type": "graph-file", "sha256": "615d3e7b96fd5042aa20afc985699b2e580680542197d43af390ff6830ba1215", "size": 2605, "path": "media/graph/graph_summary_615d3e7b96fd5042aa20.graph.json"}, "epoch": 39, "_timestamp": 1661582017, "_runtime": 18723, "loss": 0.17658552527427673, "accuracy": 0.936855673789978, "val_loss": 0.3586229085922241, "val_accuracy": 0.8888888955116272, "_step": 39, "best_val_loss": 0.22497133910655975, "best_epoch": 26, "_wandb": {"runtime": 18723}}