{"graph": {"_type": "graph-file", "sha256": "615d3e7b96fd5042aa20afc985699b2e580680542197d43af390ff6830ba1215", "size": 2605, "path": "media/graph/graph_summary_615d3e7b96fd5042aa20.graph.json"}, "epoch": 2, "_timestamp": 1661564713, "_runtime": 1419, "loss": 0.9058070182800293, "accuracy": 0.6365979313850403, "val_loss": 0.8360717296600342, "val_accuracy": 0.738095223903656, "_step": 2, "best_val_loss": 0.8360717296600342, "best_epoch": 2}