{"graph": {"_type": "graph-file", "sha256": "11851563d05c3e2d891d9199ddc430bb8d87b890b558c1b41bb8c5e31b028b8e", "size": 2602, "path": "media/graph/graph_summary_11851563d05c3e2d891d.graph.json"}, "epoch": 119, "_timestamp": 1656705558, "_runtime": 1845, "loss": 0.12787097692489624, "accuracy": 0.9610282182693481, "val_loss": 0.9333462119102478, "val_accuracy": 0.7660256624221802, "_step": 120, "best_val_loss": 0.5505232214927673, "best_epoch": 61, "test_loss": 0.7343, "test_accuracy": 72.92, "config": {"batch_size": 4, "epochs": 120, "dropout_c": 0.3, "dropout_ga": 0.1, "num_features_c1": 64, "num_features_c2": 64, "num_features_c3": 128, "num_features_c4": 64, "learning_rate": 0.0003}, "_wandb": {"runtime": 1845}}