{"graph": {"_type": "graph-file", "sha256": "d72a06892ce794a58402a0df96b02375f4a8cf114fdf7e22c524f06eeb38654f", "size": 2605, "path": "media/graph/graph_summary_d72a06892ce794a58402.graph.json"}, "epoch": 59, "_timestamp": 1661188194, "_runtime": 9512, "loss": 0.06837765872478485, "accuracy": 0.9768041372299194, "val_loss": 0.36583346128463745, "val_accuracy": 0.932539701461792, "_step": 59, "best_val_loss": 0.15606211125850677, "best_epoch": 40, "_wandb": {"runtime": 9507}}