{"graph": {"_type": "graph-file", "sha256": "92a431af77aebe1822836ddf6b0934b261f4c02326196e4c4f17ad11a5fd1641", "size": 2515, "path": "media/graph/graph_summary_92a431af77aebe182283.graph.json"}, "epoch": 18, "_timestamp": 1655923808, "_runtime": 309, "loss": 0.040364380925893784, "accuracy": 0.9866071343421936, "val_loss": 1.2256383895874023, "val_accuracy": 0.7954545617103577, "_step": 19, "best_val_loss": 0.7358596324920654, "best_epoch": 8, "test_loss": 1.1537, "test_accuracy": 80.45, "_wandb": {"runtime": 310}}