{"graph": {"_type": "graph-file", "sha256": "8e685ae02a8d1deb87943094048e2ca16c869120e6c3784064fe8b35355eb395", "size": 2599, "path": "media/graph/graph_summary_8e685ae02a8d1deb8794.graph.json"}, "epoch": 19, "_timestamp": 1661037408, "_runtime": 1119, "loss": 1.3327300548553467, "accuracy": 0.34020617604255676, "val_loss": 1.2580891847610474, "val_accuracy": 0.3333333432674408, "_step": 19, "best_val_loss": 1.2508249282836914, "best_epoch": 6, "_wandb": {"runtime": 1113}}