{"graph": {"_type": "graph-file", "sha256": "6ea4f54d9ee43996bdf451586c67b5d77ddcf71cacde5a4aa9400d1cf35d65d3", "size": 2600, "path": "media/graph/graph_summary_6ea4f54d9ee43996bdf4.graph.json"}, "epoch": 89, "_timestamp": 1661234063, "_runtime": 7903, "loss": 0.22891855239868164, "accuracy": 0.9207473993301392, "val_loss": 0.20178258419036865, "val_accuracy": 0.9365079402923584, "_step": 89, "best_val_loss": 0.20178258419036865, "best_epoch": 89, "_wandb": {"runtime": 7898}}