{"graph": {"_type": "graph-file", "sha256": "41c6eba9f97e284bdfac2f4c406cb3cc505b342a52853c13810cf0b3a2b899f9", "size": 2602, "path": "media/graph/graph_summary_41c6eba9f97e284bdfac.graph.json"}, "epoch": 53, "_timestamp": 1655973922, "_runtime": 859, "loss": 0.25246718525886536, "accuracy": 0.9098214507102966, "val_loss": 0.42053571343421936, "val_accuracy": 0.8257575631141663, "_step": 54, "best_val_loss": 0.3644742965698242, "best_epoch": 33, "test_loss": 0.5053, "test_accuracy": 77.73, "config": {"batch_size": 16, "max_epochs": 100, "min_epochs": 20, "dropout_c1": 0, "dropout_c2": 0.1, "dropout_c3": 0.2, "dropout_c4": 0.3, "dropout_ga": 0, "num_features_c1": 16, "num_features_c2": 32, "num_features_c3": 64, "num_features_c4": 128, "learning_rate": 0.001}, "_wandb": {"runtime": 860}}