{"graph": {"_type": "graph-file", "sha256": "92a431af77aebe1822836ddf6b0934b261f4c02326196e4c4f17ad11a5fd1641", "size": 2515, "path": "media/graph/graph_summary_92a431af77aebe182283.graph.json"}, "epoch": 19, "_timestamp": 1655925024, "_runtime": 333, "loss": 0.05135030671954155, "accuracy": 0.981249988079071, "val_loss": 1.064091444015503, "val_accuracy": 0.8295454382896423, "_step": 20, "best_val_loss": 0.5377975106239319, "best_epoch": 5, "test_loss": 1.2497, "test_accuracy": 79.55, "_wandb": {"runtime": 334}}