{"graph": {"_type": "graph-file", "sha256": "a583d7d04adf516d01076e065f1cccdc4793c8c0f5fb4b4d0ea7a2485a98f7ba", "size": 2597, "path": "media/graph/graph_summary_a583d7d04adf516d0107.graph.json"}, "epoch": 75, "_timestamp": 1655964871, "_runtime": 1169, "loss": 0.214055135846138, "accuracy": 0.9169642925262451, "val_loss": 0.44814667105674744, "val_accuracy": 0.8560606241226196, "_step": 76, "best_val_loss": 0.37511345744132996, "best_epoch": 55, "test_loss": 0.5466, "test_accuracy": 84.55, "config": {"batch_size": 16, "max_epochs": 100, "min_epochs": 20, "dropout_c1": 0, "dropout_c2": 0.1, "dropout_c3": 0.2, "dropout_c4": 0.3, "dropout_ga": 0, "num_features_c1": 16, "num_features_c2": 32, "num_features_c3": 64, "num_features_c4": 128, "learning_rate": 0.001}, "_wandb": {"runtime": 1170}}