{"graph": {"_type": "graph-file", "sha256": "4d1d1f9320fd6f644ab938459a80b5715765d09806f58ba86365af30d661fec7", "size": 2602, "path": "media/graph/graph_summary_4d1d1f9320fd6f644ab9.graph.json"}, "epoch": 64, "_timestamp": 1655987795, "_runtime": 1052, "loss": 0.15963216125965118, "accuracy": 0.9339285492897034, "val_loss": 0.4723057448863983, "val_accuracy": 0.8674242496490479, "_step": 65, "best_val_loss": 0.3511126935482025, "best_epoch": 44, "test_loss": 0.6303, "test_accuracy": 86.36, "config": {"batch_size": 16, "max_epochs": 100, "min_epochs": 20, "dropout_c1": 0, "dropout_c2": 0.1, "dropout_c3": 0.2, "dropout_c4": 0.3, "dropout_ga": 0, "num_features_c1": 16, "num_features_c2": 32, "num_features_c3": 64, "num_features_c4": 128, "learning_rate": 0.001}, "_wandb": {"runtime": 1053}}