{"graph": {"_type": "graph-file", "sha256": "7197b9b7d604ace066c32d3da5c94bed60335c883cd3bd4f5099a68270cf2c5e", "size": 2600, "path": "media/graph/graph_summary_7197b9b7d604ace066c3.graph.json"}, "epoch": 49, "_timestamp": 1660858672, "_runtime": 1377, "loss": 0.6659167408943176, "accuracy": 0.7570876479148865, "val_loss": 0.6697893738746643, "val_accuracy": 0.7103174328804016, "_step": 49, "best_val_loss": 0.66279137134552, "best_epoch": 48, "_wandb": {"runtime": 1375}}