{"graph": {"_type": "graph-file", "sha256": "b6f68790314d881f256de354ec51c1544f7f04734e8d27ed6378798ac74367a0", "size": 2115, "path": "media/graph/graph_summary_b6f68790314d881f256d.graph.json"}, "epoch": 9, "_timestamp": 1661947803, "_runtime": 4694, "loss": 1.0233956575393677, "accuracy": 0.5495616793632507, "val_loss": 0.9974774718284607, "val_accuracy": 0.6329411864280701, "_step": 9, "best_val_loss": 0.9109550714492798, "best_epoch": 8, "_wandb": {"runtime": 4693}}