{"graph": {"_type": "graph-file", "sha256": "c3ba337b8ab19df3899fd46f7133e782bd2f998b542dbf085479dd70853a4e17", "size": 2599, "path": "media/graph/graph_summary_c3ba337b8ab19df3899f.graph.json"}, "epoch": 39, "_timestamp": 1661193960, "_runtime": 3403, "loss": 0.5766304731369019, "accuracy": 0.7905927896499634, "val_loss": 0.4748951494693756, "val_accuracy": 0.8769841194152832, "_step": 39, "best_val_loss": 0.4748951494693756, "best_epoch": 39, "_wandb": {"runtime": 3397}}