{"graph": {"_type": "graph-file", "sha256": "afbb9d2961191982c448354f18b49947d178344ea8775dd0e8374402a0cf6690", "size": 2594, "path": "media/graph/graph_summary_afbb9d2961191982c448.graph.json"}, "epoch": 79, "_timestamp": 1661910400, "_runtime": 9089, "loss": 0.2249125987291336, "accuracy": 0.9204315543174744, "val_loss": 0.24558886885643005, "val_accuracy": 0.929411768913269, "_step": 79, "best_val_loss": 0.20583562552928925, "best_epoch": 71, "_wandb": {"runtime": 9087}}