{"graph": {"_type": "graph-file", "sha256": "28013c7191055336b7be13ba4e96e92ecbe9db593ca974d5bed59a2197797352", "size": 2599, "path": "media/graph/graph_summary_28013c7191055336b7be.graph.json"}, "epoch": 119, "_timestamp": 1656013880, "_runtime": 1823, "loss": 0.15981654822826385, "accuracy": 0.9491071701049805, "val_loss": 0.4952276349067688, "val_accuracy": 0.8636363744735718, "_step": 120, "best_val_loss": 0.30806398391723633, "best_epoch": 101, "test_loss": 0.5084, "test_accuracy": 85.91, "config": {"batch_size": 8, "epochs": 120, "dropout_c1": 0.3, "dropout_c2": 0.1, "dropout_c3": 0.2, "dropout_c4": 0, "dropout_ga": 0.2, "num_features_c1": 64, "num_features_c2": 64, "num_features_c3": 64, "num_features_c4": 64, "learning_rate": 0.0004}, "_wandb": {"runtime": 1824}}