{"graph": {"_type": "graph-file", "sha256": "fe9cb3f5eb98a29f9f5c8ff8513dae1076b3f36a02e9f8d8b59898a96fcd4987", "size": 2597, "path": "media/graph/graph_summary_fe9cb3f5eb98a29f9f5c.graph.json"}, "epoch": 89, "_timestamp": 1660964901, "_runtime": 5911, "loss": 0.4865197241306305, "accuracy": 0.8376288414001465, "val_loss": 0.507156491279602, "val_accuracy": 0.8611111044883728, "_step": 89, "best_val_loss": 0.507156491279602, "best_epoch": 89, "_wandb": {"runtime": 5906}}