{"graph": {"_type": "graph-file", "sha256": "067af72f79d855e52359634866d9852a7f37d954e0b5b881246e8ce098deef70", "size": 2600, "path": "media/graph/graph_summary_067af72f79d855e52359.graph.json"}, "epoch": 76, "_timestamp": 1655985530, "_runtime": 1232, "loss": 0.3415495753288269, "accuracy": 0.8741071224212646, "val_loss": 0.5430118441581726, "val_accuracy": 0.7954545617103577, "_step": 77, "best_val_loss": 0.3719429075717926, "best_epoch": 56, "test_loss": 0.7125, "test_accuracy": 80.91, "config": {"batch_size": 16, "max_epochs": 100, "min_epochs": 20, "dropout_c1": 0, "dropout_c2": 0.1, "dropout_c3": 0.2, "dropout_c4": 0.3, "dropout_ga": 0, "num_features_c1": 16, "num_features_c2": 32, "num_features_c3": 64, "num_features_c4": 128, "learning_rate": 0.001}, "_wandb": {"runtime": 1233}}