{"graph": {"_type": "graph-file", "sha256": "24e5866bd9654ef32e92bfb969edd5959ebab9a35464d23b81f561ced6824b52", "size": 2595, "path": "media/graph/graph_summary_24e5866bd9654ef32e92.graph.json"}, "epoch": 89, "_timestamp": 1661178668, "_runtime": 2587, "loss": 0.1959870457649231, "accuracy": 0.9317010045051575, "val_loss": 0.27132266759872437, "val_accuracy": 0.932539701461792, "_step": 89, "best_val_loss": 0.2072289139032364, "best_epoch": 70, "_wandb": {"runtime": 2583}}