{"graph": {"_type": "graph-file", "sha256": "da16a0e4dc9e476490616a4abb58a5571f365fed3a91b36dbccee3995a1f4c3a", "size": 2124, "path": "media/graph/graph_summary_da16a0e4dc9e47649061.graph.json"}, "epoch": 9, "_timestamp": 1662899537, "_runtime": 4540, "loss": 0.3537842035293579, "accuracy": 0.8691840767860413, "val_loss": 0.5160644054412842, "val_accuracy": 0.8258823752403259, "_step": 9, "best_val_loss": 0.3786422908306122, "best_epoch": 8, "_wandb": {"runtime": 4538}}