{"graph": {"_type": "graph-file", "sha256": "352f118904f1b04462ad60b736962caad7b248a92a686a22fedfbe5dad0b38ec", "size": 2110, "path": "media/graph/graph_summary_352f118904f1b04462ad.graph.json"}, "epoch": 9, "_timestamp": 1662847646, "_runtime": 2129, "loss": 0.6693233251571655, "accuracy": 0.7518543601036072, "val_loss": 0.6568579077720642, "val_accuracy": 0.774117648601532, "_step": 9, "best_val_loss": 0.6496715545654297, "best_epoch": 8, "_wandb": {"runtime": 2127}}