{"graph": {"_type": "graph-file", "sha256": "1c80c667d84aa2f645a872ef8579dbfffeddd01c9c44cd704415de6baa3b174c", "size": 2601, "path": "media/graph/graph_summary_1c80c667d84aa2f645a8.graph.json"}, "epoch": 83, "_timestamp": 1655984285, "_runtime": 1509, "loss": 0.19985896348953247, "accuracy": 0.9330357313156128, "val_loss": 0.3631834387779236, "val_accuracy": 0.8712121248245239, "_step": 84, "best_val_loss": 0.34758126735687256, "best_epoch": 63, "test_loss": 0.5429, "test_accuracy": 80.91, "config": {"batch_size": 16, "max_epochs": 100, "min_epochs": 20, "dropout_c1": 0, "dropout_c2": 0.1, "dropout_c3": 0.2, "dropout_c4": 0.3, "dropout_ga": 0, "num_features_c1": 16, "num_features_c2": 32, "num_features_c3": 64, "num_features_c4": 128, "learning_rate": 0.001}, "_wandb": {"runtime": 1510}}