{"graph": {"_type": "graph-file", "sha256": "41c6eba9f97e284bdfac2f4c406cb3cc505b342a52853c13810cf0b3a2b899f9", "size": 2602, "path": "media/graph/graph_summary_41c6eba9f97e284bdfac.graph.json"}, "epoch": 99, "_timestamp": 1656001250, "_runtime": 1487, "loss": 0.21101438999176025, "accuracy": 0.9285714030265808, "val_loss": 0.4499819874763489, "val_accuracy": 0.8674242496490479, "_step": 100, "best_val_loss": 0.3486010730266571, "best_epoch": 78, "test_loss": 0.5845, "test_accuracy": 81.82, "config": {"batch_size": 8, "epochs": 100, "dropout_c1": 0.3, "dropout_c2": 0.2, "dropout_c3": 0.1, "dropout_c4": 0, "dropout_ga": 0.2, "num_features_c1": 64, "num_features_c2": 128, "num_features_c3": 64, "num_features_c4": 32, "learning_rate": 0.0005}, "_wandb": {"runtime": 1486}}