{"graph": {"_type": "graph-file", "sha256": "287099660cd1a22f616c3ac04f127b989437731868137c9caf8e9fa069cdbb3b", "size": 2606, "path": "media/graph/graph_summary_287099660cd1a22f616c.graph.json"}, "epoch": 39, "_timestamp": 1660857287, "_runtime": 2297, "loss": 0.07193250209093094, "accuracy": 0.9742268323898315, "val_loss": 0.25445690751075745, "val_accuracy": 0.932539701461792, "_step": 39, "best_val_loss": 0.14575323462486267, "best_epoch": 37, "_wandb": {"runtime": 2295}}