{"graph": {"_type": "graph-file", "sha256": "5a5b5d7f102e31ba85983ce026ec79f6ea830008690c2a018ce74c5a349c0c30", "size": 2602, "path": "media/graph/graph_summary_5a5b5d7f102e31ba8598.graph.json"}, "epoch": 127, "_timestamp": 1657835389, "_runtime": 3002, "loss": 0.025578714907169342, "accuracy": 0.993852436542511, "val_loss": 0.4693668484687805, "val_accuracy": 0.9246031641960144, "_step": 128, "best_val_loss": 0.12395621091127396, "best_epoch": 59, "test_loss": 0.0861, "test_accuracy": 96.83, "config": {"batch_size": 4, "epochs": 128, "dropout_c": 0.3, "dropout_ga": 0.1, "num_features_c1": 64, "num_features_c2": 64, "num_features_c3": 128, "num_features_c4": 64, "learning_rate": 0.0003}, "_wandb": {"runtime": 3004}}