{"graph": {"_type": "graph-file", "sha256": "11851563d05c3e2d891d9199ddc430bb8d87b890b558c1b41bb8c5e31b028b8e", "size": 2602, "path": "media/graph/graph_summary_11851563d05c3e2d891d.graph.json"}, "epoch": 199, "_timestamp": 1657074828, "_runtime": 3337, "loss": 0.012057507410645485, "accuracy": 0.9960317611694336, "val_loss": 0.1551358848810196, "val_accuracy": 0.9674796462059021, "_step": 200, "best_val_loss": 0.0698903277516365, "best_epoch": 161, "test_loss": 0.1421, "test_accuracy": 95.6, "config": {"batch_size": 4, "epochs": 200, "dropout_c": 0.3, "dropout_ga": 0.1, "num_features_c1": 64, "num_features_c2": 64, "num_features_c3": 128, "num_features_c4": 64, "learning_rate": 0.0003}, "_wandb": {"runtime": 3339}}