{"graph": {"_type": "graph-file", "sha256": "79f95571150c1dcdcf3597e9a5ff3b3a0f1fe1db022056d76ea56bfee4c0b94a", "size": 2594, "path": "media/graph/graph_summary_79f95571150c1dcdcf35.graph.json"}, "epoch": 9, "_timestamp": 1661194270, "_runtime": 298, "loss": 1.157430648803711, "accuracy": 0.5231958627700806, "val_loss": 1.192838430404663, "val_accuracy": 0.5952380895614624, "_step": 9, "best_val_loss": 1.192838430404663, "best_epoch": 9, "_wandb": {"runtime": 293}}