{"graph": {"_type": "graph-file", "sha256": "ae85ed40504032b2b1b1b6804d13aba410e3f841d80a3ca4fd0c39f8d0ebc15d", "size": 2123, "path": "media/graph/graph_summary_ae85ed40504032b2b1b1.graph.json"}, "epoch": 49, "_timestamp": 1662612311, "_runtime": 10846, "loss": 0.2730940580368042, "accuracy": 0.9096426367759705, "val_loss": 0.32342493534088135, "val_accuracy": 0.8964706063270569, "_step": 49, "best_val_loss": 0.307171493768692, "best_epoch": 47, "_wandb": {"runtime": 10844}}