{"graph": {"_type": "graph-file", "sha256": "348ab8c339b4defdb3ff14ff8ed04223548db40155e9f955f49f9db63ad5b7d5", "size": 2599, "path": "media/graph/graph_summary_348ab8c339b4defdb3ff.graph.json"}, "epoch": 39, "_timestamp": 1661195228, "_runtime": 946, "loss": 0.1906556785106659, "accuracy": 0.9407216310501099, "val_loss": 0.5103755593299866, "val_accuracy": 0.8809523582458496, "_step": 39, "best_val_loss": 0.4421696364879608, "best_epoch": 21, "_wandb": {"runtime": 942}}