{"graph": {"_type": "graph-file", "sha256": "ae85ed40504032b2b1b1b6804d13aba410e3f841d80a3ca4fd0c39f8d0ebc15d", "size": 2123, "path": "media/graph/graph_summary_ae85ed40504032b2b1b1.graph.json"}, "epoch": 49, "_timestamp": 1663002959, "_runtime": 12552, "loss": 0.2430940419435501, "accuracy": 0.9163857102394104, "val_loss": 0.3556143641471863, "val_accuracy": 0.8658823370933533, "_step": 49, "best_val_loss": 0.30937644839286804, "best_epoch": 48, "_wandb": {"runtime": 12551}}