{"graph": {"_type": "graph-file", "sha256": "1e5a1ba17ceec67bb0b6215d3bf730e99842a329b69b1af9d64e312fecddf35f", "size": 2105, "path": "media/graph/graph_summary_1e5a1ba17ceec67bb0b6.graph.json"}, "epoch": 49, "_timestamp": 1662530024, "_runtime": 3067, "loss": 0.6191372275352478, "accuracy": 0.7896156311035156, "val_loss": 0.5750810503959656, "val_accuracy": 0.8094117641448975, "_step": 49, "best_val_loss": 0.560002863407135, "best_epoch": 47, "_wandb": {"runtime": 3066}}