{"graph": {"_type": "graph-file", "sha256": "628653e93152f6d95efa491b6979db201c1b188714b1b1ac74dc1eb91127e526", "size": 2611, "path": "media/graph/graph_summary_628653e93152f6d95efa.graph.json"}, "epoch": 39, "_timestamp": 1660988359, "_runtime": 7253, "loss": 1.3317904472351074, "accuracy": 0.34020617604255676, "val_loss": 1.257261872291565, "val_accuracy": 0.3333333432674408, "_step": 39, "best_val_loss": 1.2524378299713135, "best_epoch": 1, "_wandb": {"runtime": 7248}}