{"graph": {"_type": "graph-file", "sha256": "da16a0e4dc9e476490616a4abb58a5571f365fed3a91b36dbccee3995a1f4c3a", "size": 2124, "path": "media/graph/graph_summary_da16a0e4dc9e47649061.graph.json"}, "epoch": 79, "_timestamp": 1662038466, "_runtime": 29236, "loss": 0.09632541239261627, "accuracy": 0.9642616510391235, "val_loss": 0.3147571086883545, "val_accuracy": 0.9176470637321472, "_step": 79, "best_val_loss": 0.2815262973308563, "best_epoch": 75, "_wandb": {"runtime": 29234}}