{"graph": {"_type": "graph-file", "sha256": "5a5b5d7f102e31ba85983ce026ec79f6ea830008690c2a018ce74c5a349c0c30", "size": 2602, "path": "media/graph/graph_summary_5a5b5d7f102e31ba8598.graph.json"}, "epoch": 29, "_timestamp": 1661012477, "_runtime": 2773, "loss": 0.2942793667316437, "accuracy": 0.8969072103500366, "val_loss": 0.36491215229034424, "val_accuracy": 0.8650793433189392, "_step": 29, "best_val_loss": 0.28793302178382874, "best_epoch": 24, "_wandb": {"runtime": 2768}}