{"graph": {"_type": "graph-file", "sha256": "5a5b5d7f102e31ba85983ce026ec79f6ea830008690c2a018ce74c5a349c0c30", "size": 2602, "path": "media/graph/graph_summary_5a5b5d7f102e31ba8598.graph.json"}, "epoch": 0, "_timestamp": 1660093737, "_runtime": 570, "loss": 1.1785837411880493, "accuracy": 0.48131442070007324, "val_loss": 1.0939854383468628, "val_accuracy": 0.6190476417541504, "_step": 0, "best_val_loss": 1.0939854383468628, "best_epoch": 0, "_wandb": {"runtime": 570}}