{"graph": {"_type": "graph-file", "sha256": "82788427a7ffd10f51715c30475432c7ea9fa1f4ae3168e6f4cdddbfaf1e1238", "size": 2601, "path": "media/graph/graph_summary_82788427a7ffd10f5171.graph.json"}, "epoch": 49, "_timestamp": 1660895542, "_runtime": 1539, "loss": 0.1085120365023613, "accuracy": 0.9632731676101685, "val_loss": 0.4384850263595581, "val_accuracy": 0.8888888955116272, "_step": 49, "best_val_loss": 0.15588177740573883, "best_epoch": 42, "_wandb": {"runtime": 1536}}