{"graph": {"_type": "graph-file", "sha256": "7dff0002b072af2a2afd9f91d24634e3347c50d3d2828f56243aad80412bb38c", "size": 2600, "path": "media/graph/graph_summary_7dff0002b072af2a2afd.graph.json"}, "epoch": 7, "_timestamp": 1660842409, "_runtime": 4306, "loss": 1.0284669399261475, "accuracy": 0.563144326210022, "val_loss": 1.0302549600601196, "val_accuracy": 0.5714285969734192, "_step": 7, "best_val_loss": 1.0302549600601196, "best_epoch": 7}