{"graph": {"_type": "graph-file", "sha256": "86a2f94947c781db0a2961ed622b82d8dc236918dbe7ab22f64fac0a31b741e2", "size": 2111, "path": "media/graph/graph_summary_86a2f94947c781db0a29.graph.json"}, "epoch": 49, "_timestamp": 1662698809, "_runtime": 15039, "loss": 1.1291790008544922, "accuracy": 0.5185434818267822, "val_loss": 1.0382052659988403, "val_accuracy": 0.5717647075653076, "_step": 49, "best_val_loss": 1.0379966497421265, "best_epoch": 37, "_wandb": {"runtime": 15037}}