{"graph": {"_type": "graph-file", "sha256": "1341c39b19e9fc9aa8d9d930a3be8837c68af24efe1fed518e25c9d9d00f67a1", "size": 2602, "path": "media/graph/graph_summary_1341c39b19e9fc9aa8d9.graph.json"}, "epoch": 99, "_timestamp": 1655952122, "_runtime": 1619, "loss": 0.40402138233184814, "accuracy": 0.8589285612106323, "val_loss": 0.43921053409576416, "val_accuracy": 0.810606062412262, "_step": 100, "best_val_loss": 0.4372507333755493, "best_epoch": 90, "test_loss": 0.5382, "test_accuracy": 81.82, "config": {"batch_size": 16, "max_epochs": 100, "min_epochs": 20, "dropout_c1": 0, "dropout_c2": 0.1, "dropout_c3": 0.2, "dropout_c4": 0.3, "dropout_ga": 0, "num_features_c1": 16, "num_features_c2": 32, "num_features_c3": 64, "num_features_c4": 128, "learning_rate": 0.001}, "_wandb": {"runtime": 1619}}