{"graph": {"_type": "graph-file", "sha256": "314e48563c99d03ec9634cde0e7972fae22f7b736b287d6fbd14efcb47580b48", "size": 2596, "path": "media/graph/graph_summary_314e48563c99d03ec963.graph.json"}, "epoch": 39, "_timestamp": 1661226144, "_runtime": 2228, "loss": 0.5116711854934692, "accuracy": 0.8086340427398682, "val_loss": 0.4396345019340515, "val_accuracy": 0.8809523582458496, "_step": 39, "best_val_loss": 0.4044354259967804, "best_epoch": 34, "_wandb": {"runtime": 2224}}