{"graph": {"_type": "graph-file", "sha256": "11851563d05c3e2d891d9199ddc430bb8d87b890b558c1b41bb8c5e31b028b8e", "size": 2602, "path": "media/graph/graph_summary_11851563d05c3e2d891d.graph.json"}, "epoch": 194, "_timestamp": 1657051153, "_runtime": 3385, "loss": 0.014513985253870487, "accuracy": 0.9948680400848389, "val_loss": 0.10328612476587296, "val_accuracy": 0.9715447425842285, "_step": 194, "best_val_loss": 0.08692517131567001, "best_epoch": 174, "_wandb": {"runtime": 3390}}