{"graph": {"_type": "graph-file", "sha256": "e49e3b66dfa449fb62af15095d9eb50fdc77d1170435e726618f366b3ace5007", "size": 2600, "path": "media/graph/graph_summary_e49e3b66dfa449fb62af.graph.json"}, "epoch": 2, "_timestamp": 1660828665, "_runtime": 638, "loss": 1.3434178829193115, "accuracy": 0.34213918447494507, "val_loss": 1.293200969696045, "val_accuracy": 0.3333333432674408, "_step": 2, "best_val_loss": 1.293200969696045, "best_epoch": 2}