{"graph": {"_type": "graph-file", "sha256": "e49e3b66dfa449fb62af15095d9eb50fdc77d1170435e726618f366b3ace5007", "size": 2600, "path": "media/graph/graph_summary_e49e3b66dfa449fb62af.graph.json"}, "epoch": 1, "_timestamp": 1660828456, "_runtime": 429, "loss": 1.35882568359375, "accuracy": 0.34020617604255676, "val_loss": 1.329671859741211, "val_accuracy": 0.3333333432674408, "_step": 1, "best_val_loss": 1.329671859741211, "best_epoch": 1}