{"graph": {"_type": "graph-file", "sha256": "81d6d86e055a736974b82a9fdc53110c75d64fa05734f415dcd0d3bdfb288b5c", "size": 2114, "path": "media/graph/graph_summary_81d6d86e055a736974b8.graph.json"}, "epoch": 29, "_timestamp": 1662536570, "_runtime": 6540, "loss": 0.402935266494751, "accuracy": 0.8624410033226013, "val_loss": 0.4341767132282257, "val_accuracy": 0.8658823370933533, "_step": 29, "best_val_loss": 0.4341767132282257, "best_epoch": 29, "_wandb": {"runtime": 6538}}