{"graph": {"_type": "graph-file", "sha256": "547b6db320430a39a27acc6d0e84f30c2999cec3132692e2755035fc5e55111b", "size": 2595, "path": "media/graph/graph_summary_547b6db320430a39a27a.graph.json"}, "epoch": 20, "_timestamp": 1655960494, "_runtime": 336, "loss": 1.3807504177093506, "accuracy": 0.2857142984867096, "val_loss": 1.3731592893600464, "val_accuracy": 0.27272728085517883, "_step": 21, "best_val_loss": 1.3699673414230347, "best_epoch": 0, "test_loss": 1.3661, "test_accuracy": 27.27, "config": {"batch_size": 16, "max_epochs": 100, "min_epochs": 20, "dropout_c1": 0, "dropout_c2": 0.1, "dropout_c3": 0.2, "dropout_c4": 0.3, "dropout_ga": 0, "num_features_c1": 16, "num_features_c2": 32, "num_features_c3": 64, "num_features_c4": 128, "learning_rate": 0.001}, "_wandb": {"runtime": 337}}