{"graph": {"_type": "graph-file", "sha256": "06ab5c4b80d4e349a757ed857f74287a4b928f18cbe83ec9ed329c879059b082", "size": 2606, "path": "media/graph/graph_summary_06ab5c4b80d4e349a757.graph.json"}, "epoch": 59, "_timestamp": 1661859547, "_runtime": 8456, "loss": 0.033445898443460464, "accuracy": 0.9892110824584961, "val_loss": 0.28010252118110657, "val_accuracy": 0.9270588159561157, "_step": 59, "best_val_loss": 0.13929325342178345, "best_epoch": 56, "_wandb": {"runtime": 8455}}