{"graph": {"_type": "graph-file", "sha256": "4f4e4b5f2daed78f9bc90c817203bb15828e8d8d6b1c8e1f5dfc597fb367cf3d", "size": 2605, "path": "media/graph/graph_summary_4f4e4b5f2daed78f9bc9.graph.json"}, "epoch": 79, "_timestamp": 1661877269, "_runtime": 17715, "loss": 0.03736961632966995, "accuracy": 0.9878624677658081, "val_loss": 0.2420586496591568, "val_accuracy": 0.9458823800086975, "_step": 79, "best_val_loss": 0.14210166037082672, "best_epoch": 53, "_wandb": {"runtime": 17713}}