{"graph": {"_type": "graph-file", "sha256": "fe9cb3f5eb98a29f9f5c8ff8513dae1076b3f36a02e9f8d8b59898a96fcd4987", "size": 2597, "path": "media/graph/graph_summary_fe9cb3f5eb98a29f9f5c.graph.json"}, "epoch": 96, "_timestamp": 1655963688, "_runtime": 1576, "loss": 0.26103830337524414, "accuracy": 0.90625, "val_loss": 0.5892348885536194, "val_accuracy": 0.8333333134651184, "_step": 97, "best_val_loss": 0.41942209005355835, "best_epoch": 76, "test_loss": 0.9137, "test_accuracy": 79.09, "config": {"batch_size": 16, "max_epochs": 100, "min_epochs": 20, "dropout_c1": 0, "dropout_c2": 0.1, "dropout_c3": 0.2, "dropout_c4": 0.3, "dropout_ga": 0, "num_features_c1": 16, "num_features_c2": 32, "num_features_c3": 64, "num_features_c4": 128, "learning_rate": 0.001}, "_wandb": {"runtime": 1577}}