{"graph": {"_type": "graph-file", "sha256": "153d5678ea4133f28367c1a2b049d2fd9ad6e5fca95132d70ec949a92977875e", "size": 2112, "path": "media/graph/graph_summary_153d5678ea4133f28367.graph.json"}, "epoch": 49, "_timestamp": 1662908665, "_runtime": 9120, "loss": 0.4252510666847229, "accuracy": 0.8523263931274414, "val_loss": 0.437299907207489, "val_accuracy": 0.8517646789550781, "_step": 49, "best_val_loss": 0.36368465423583984, "best_epoch": 45, "_wandb": {"runtime": 9118}}