{"graph": {"_type": "graph-file", "sha256": "da16a0e4dc9e476490616a4abb58a5571f365fed3a91b36dbccee3995a1f4c3a", "size": 2124, "path": "media/graph/graph_summary_da16a0e4dc9e47649061.graph.json"}, "epoch": 49, "_timestamp": 1662796693, "_runtime": 16602, "loss": 0.12968789041042328, "accuracy": 0.9568442106246948, "val_loss": 0.2672345042228699, "val_accuracy": 0.9152941107749939, "_step": 49, "best_val_loss": 0.2238638997077942, "best_epoch": 46, "_wandb": {"runtime": 16600}}