{"graph": {"_type": "graph-file", "sha256": "ff620aeb9feccdc32f7bbfcebfccdc0f057af02c40ba5d1471de0c98332c336b", "size": 2600, "path": "media/graph/graph_summary_ff620aeb9feccdc32f7b.graph.json"}, "epoch": 49, "_timestamp": 1660884674, "_runtime": 2686, "loss": 0.07725882530212402, "accuracy": 0.9729381203651428, "val_loss": 0.28156688809394836, "val_accuracy": 0.9007936716079712, "_step": 49, "best_val_loss": 0.19198229908943176, "best_epoch": 27, "_wandb": {"runtime": 2685}}