{"graph": {"_type": "graph-file", "sha256": "23bfa89970bef9dc896b4474be6e0993ecefa62ea1d2b6c219eb92a3f164a570", "size": 2596, "path": "media/graph/graph_summary_23bfa89970bef9dc896b.graph.json"}, "epoch": 29, "_timestamp": 1661174170, "_runtime": 822, "loss": 0.7024462819099426, "accuracy": 0.7364690899848938, "val_loss": 0.596440315246582, "val_accuracy": 0.8373016119003296, "_step": 29, "best_val_loss": 0.5193469524383545, "best_epoch": 27, "_wandb": {"runtime": 817}}