{"graph": {"_type": "graph-file", "sha256": "5a5b5d7f102e31ba85983ce026ec79f6ea830008690c2a018ce74c5a349c0c30", "size": 2602, "path": "media/graph/graph_summary_5a5b5d7f102e31ba8598.graph.json"}, "epoch": 119, "_timestamp": 1657913588, "_runtime": 2808, "loss": 0.028174495324492455, "accuracy": 0.9909793734550476, "val_loss": 0.6015684008598328, "val_accuracy": 0.89682537317276, "_step": 119, "best_val_loss": 0.1549350768327713, "best_epoch": 60}