{"graph": {"_type": "graph-file", "sha256": "4c1e4540d4449cca736429e60752da32b9c5fe02edccd20ae93a0d8b8104f9a0", "size": 2120, "path": "media/graph/graph_summary_4c1e4540d4449cca7364.graph.json"}, "epoch": 29, "_timestamp": 1662246846, "_runtime": 10231, "loss": 0.318011611700058, "accuracy": 0.8894133567810059, "val_loss": 0.4856709837913513, "val_accuracy": 0.8541176319122314, "_step": 29, "best_val_loss": 0.31681331992149353, "best_epoch": 27, "_wandb": {"runtime": 10229}}