{"graph": {"_type": "graph-file", "sha256": "5e5f23c83449d70634af24b0120715867ae2bf826948238df8e5c05180bc985f", "size": 2602, "path": "media/graph/graph_summary_5e5f23c83449d70634af.graph.json"}, "epoch": 23, "_timestamp": 1655922250, "_runtime": 385, "loss": 1.3834401369094849, "accuracy": 0.2857142984867096, "val_loss": 1.3758230209350586, "val_accuracy": 0.27272728085517883, "_step": 23, "best_val_loss": 1.3758230209350586, "best_epoch": 23}