{"graph": {"_type": "graph-file", "sha256": "d69a2cc62c7bd92f9e9f323ce90c10f6685c6269bbceb9214cbcc44c2b52c65c", "size": 2604, "path": "media/graph/graph_summary_d69a2cc62c7bd92f9e9f.graph.json"}, "epoch": 199, "_timestamp": 1656428927, "_runtime": 2740, "loss": 0.057356033474206924, "accuracy": 0.976190447807312, "val_loss": 0.15131613612174988, "val_accuracy": 0.934959352016449, "_step": 200, "best_val_loss": 0.07072927057743073, "best_epoch": 162, "test_loss": 0.1757, "test_accuracy": 92.77, "config": {"batch_size": 16, "epochs": 200, "dropout_c": 0.3, "dropout_ga": 0.2, "num_features_c1": 64, "num_features_c2": 64, "num_features_c3": 64, "num_features_c4": 64, "learning_rate": 0.0004}, "_wandb": {"runtime": 2740}}