{"graph": {"_type": "graph-file", "sha256": "5e5f23c83449d70634af24b0120715867ae2bf826948238df8e5c05180bc985f", "size": 2602, "path": "media/graph/graph_summary_5e5f23c83449d70634af.graph.json"}, "epoch": 9, "_timestamp": 1655930590, "_runtime": 172, "loss": 0.7420467734336853, "accuracy": 0.7044642567634583, "val_loss": 0.8333548307418823, "val_accuracy": 0.6969696879386902, "_step": 10, "best_val_loss": 0.7177844047546387, "best_epoch": 7, "test_loss": 0.8776, "test_accuracy": 67.27, "config": {"batch_size": 16, "max_epochs": 10, "min_epochs": 5, "dropout_c1": 0, "dropout_c2": 0.1, "dropout_c3": 0.2, "dropout_c4": 0.3, "dropout_ga": 0, "num_features_c1": 16, "num_features_c2": 32, "num_features_c3": 64, "num_features_c4": 128, "learning_rate": 0.001}, "_wandb": {"runtime": 173}}