{"graph": {"_type": "graph-file", "sha256": "2dce192dbf2452d59e7a0dca5f6cea711ee9edfa93c618326b0cc89d535334cf", "size": 2596, "path": "media/graph/graph_summary_2dce192dbf2452d59e7a.graph.json"}, "epoch": 79, "_timestamp": 1661787555, "_runtime": 7400, "loss": 0.11623021215200424, "accuracy": 0.9602158069610596, "val_loss": 0.31995925307273865, "val_accuracy": 0.9129411578178406, "_step": 79, "best_val_loss": 0.2579510509967804, "best_epoch": 74, "_wandb": {"runtime": 7399}}