{"graph": {"_type": "graph-file", "sha256": "4d1d1f9320fd6f644ab938459a80b5715765d09806f58ba86365af30d661fec7", "size": 2602, "path": "media/graph/graph_summary_4d1d1f9320fd6f644ab9.graph.json"}, "epoch": 59, "_timestamp": 1660866731, "_runtime": 5169, "loss": 0.26843979954719543, "accuracy": 0.9033505320549011, "val_loss": 0.3333462178707123, "val_accuracy": 0.8809523582458496, "_step": 59, "best_val_loss": 0.24314287304878235, "best_epoch": 50, "_wandb": {"runtime": 5167}}