{"graph": {"_type": "graph-file", "sha256": "2dcd8f336641514af4b5bd45afa76b2cdcc2d4a8b631e486c1ee84406b2f450c", "size": 2597, "path": "media/graph/graph_summary_2dcd8f336641514af4b5.graph.json"}, "epoch": 99, "_timestamp": 1661201783, "_runtime": 5952, "loss": 0.7746869325637817, "accuracy": 0.6965206265449524, "val_loss": 0.678096354007721, "val_accuracy": 0.773809552192688, "_step": 99, "best_val_loss": 0.6329439878463745, "best_epoch": 98, "_wandb": {"runtime": 5947}}