{"graph": {"_type": "graph-file", "sha256": "4c1e4540d4449cca736429e60752da32b9c5fe02edccd20ae93a0d8b8104f9a0", "size": 2120, "path": "media/graph/graph_summary_4c1e4540d4449cca7364.graph.json"}, "epoch": 49, "_timestamp": 1662780076, "_runtime": 11056, "loss": 0.3996110260486603, "accuracy": 0.8637896180152893, "val_loss": 0.5504513382911682, "val_accuracy": 0.8329411745071411, "_step": 49, "best_val_loss": 0.4426950216293335, "best_epoch": 46, "_wandb": {"runtime": 11055}}