{"graph": {"_type": "graph-file", "sha256": "9fe6f0af0e180a870c73ecfb6f12859eb004d02ca1cca13d0897eec08f2b19bd", "size": 2601, "path": "media/graph/graph_summary_9fe6f0af0e180a870c73.graph.json"}, "epoch": 99, "_timestamp": 1661079410, "_runtime": 18001, "loss": 0.11129670590162277, "accuracy": 0.9626288414001465, "val_loss": 0.5071736574172974, "val_accuracy": 0.8928571343421936, "_step": 99, "best_val_loss": 0.30444589257240295, "best_epoch": 66, "_wandb": {"runtime": 17997}}