{"graph": {"_type": "graph-file", "sha256": "5a5b5d7f102e31ba85983ce026ec79f6ea830008690c2a018ce74c5a349c0c30", "size": 2602, "path": "media/graph/graph_summary_5a5b5d7f102e31ba8598.graph.json"}, "epoch": 100, "_timestamp": 1657810915, "_runtime": 2622, "loss": 0.014543833211064339, "accuracy": 0.9963592290878296, "val_loss": 0.13179904222488403, "val_accuracy": 0.9609929323196411, "_step": 100, "best_val_loss": 0.08816683292388916, "best_epoch": 73}