{"graph": {"_type": "graph-file", "sha256": "989d517f2d1086d9d54f9e811aea63fe6bf17a8467e8abff080d50fe650dc7d7", "size": 2602, "path": "media/graph/graph_summary_989d517f2d1086d9d54f.graph.json"}, "epoch": 22, "_timestamp": 1655960144, "_runtime": 457, "loss": 1.3814970254898071, "accuracy": 0.2857142984867096, "val_loss": 1.3742262125015259, "val_accuracy": 0.27272728085517883, "_step": 23, "best_val_loss": 1.3673757314682007, "best_epoch": 2, "test_loss": 1.3675, "test_accuracy": 27.27, "config": {"batch_size": 16, "max_epochs": 100, "min_epochs": 20, "dropout_c1": 0, "dropout_c2": 0.1, "dropout_c3": 0.2, "dropout_c4": 0.3, "dropout_ga": 0, "num_features_c1": 16, "num_features_c2": 32, "num_features_c3": 64, "num_features_c4": 128, "learning_rate": 0.001}, "_wandb": {"runtime": 458}}