{"graph": {"_type": "graph-file", "sha256": "11851563d05c3e2d891d9199ddc430bb8d87b890b558c1b41bb8c5e31b028b8e", "size": 2602, "path": "media/graph/graph_summary_11851563d05c3e2d891d.graph.json"}, "epoch": 119, "_timestamp": 1657554191, "_runtime": 1736, "loss": 0.044472046196460724, "accuracy": 0.9829843044281006, "val_loss": 0.2784103751182556, "val_accuracy": 0.9372937083244324, "_step": 120, "best_val_loss": 0.24426594376564026, "best_epoch": 71, "test_loss": 0.3838, "test_accuracy": 87.54, "config": {"batch_size": 4, "epochs": 120, "dropout_c": 0.3, "dropout_ga": 0.1, "num_features_c1": 64, "num_features_c2": 64, "num_features_c3": 128, "num_features_c4": 64, "learning_rate": 0.0003}, "_wandb": {"runtime": 1737}}