{"graph": {"_type": "graph-file", "sha256": "f2204a1b9475b029071c9cfc8097425ad712792d4019e2fa6608914424cb3171", "size": 2599, "path": "media/graph/graph_summary_f2204a1b9475b029071c.graph.json"}, "epoch": 70, "_timestamp": 1655977380, "_runtime": 1015, "loss": 0.3317056894302368, "accuracy": 0.8803571462631226, "val_loss": 0.42343270778656006, "val_accuracy": 0.8522727489471436, "_step": 71, "best_val_loss": 0.373449444770813, "best_epoch": 50, "test_loss": 0.555, "test_accuracy": 80.45, "config": {"batch_size": 16, "max_epochs": 100, "min_epochs": 20, "dropout_c1": 0, "dropout_c2": 0.1, "dropout_c3": 0.2, "dropout_c4": 0.3, "dropout_ga": 0, "num_features_c1": 16, "num_features_c2": 32, "num_features_c3": 64, "num_features_c4": 128, "learning_rate": 0.001}, "_wandb": {"runtime": 1015}}