{"graph": {"_type": "graph-file", "sha256": "8b8e973aaf6b21686240af99a8d7f739654baf03385cbaae610ddcbfc4d6eb14", "size": 2101, "path": "media/graph/graph_summary_8b8e973aaf6b21686240.graph.json"}, "epoch": 39, "_timestamp": 1662526949, "_runtime": 3008, "loss": 1.0147708654403687, "accuracy": 0.5488873720169067, "val_loss": 0.970080554485321, "val_accuracy": 0.5811764597892761, "_step": 39, "best_val_loss": 0.970080554485321, "best_epoch": 39, "_wandb": {"runtime": 3007}}