{"graph": {"_type": "graph-file", "sha256": "8dfa6b140219885df8fb6e17b621614fada33f1b5f4ddd67b1ed62fe0631dc6f", "size": 2599, "path": "media/graph/graph_summary_8dfa6b140219885df8fb.graph.json"}, "epoch": 33, "_timestamp": 1655957092, "_runtime": 605, "loss": 1.3822184801101685, "accuracy": 0.27767857909202576, "val_loss": 1.3720906972885132, "val_accuracy": 0.27272728085517883, "_step": 34, "best_val_loss": 1.362444281578064, "best_epoch": 13, "test_loss": 1.3602, "test_accuracy": 27.27, "config": {"batch_size": 16, "max_epochs": 100, "min_epochs": 20, "dropout_c1": 0, "dropout_c2": 0.1, "dropout_c3": 0.2, "dropout_c4": 0.3, "dropout_ga": 0, "num_features_c1": 16, "num_features_c2": 32, "num_features_c3": 64, "num_features_c4": 128, "learning_rate": 0.001}, "_wandb": {"runtime": 606}}