{"graph": {"_type": "graph-file", "sha256": "c436bd3bd19d976a4324669939126b396f75aa912392227fa1346f5a16fb1ac0", "size": 2602, "path": "media/graph/graph_summary_c436bd3bd19d976a4324.graph.json"}, "epoch": 36, "_timestamp": 1661942954, "_runtime": 6092, "loss": 1.3143036365509033, "accuracy": 0.31827378273010254, "val_loss": 1.311349868774414, "val_accuracy": 0.34117648005485535, "_step": 36, "best_val_loss": 1.3110767602920532, "best_epoch": 13}