{"graph": {"_type": "graph-file", "sha256": "28f3763937d2ed27fd30d112b96f7fc8d7028c59491d33c8305762d588b4e380", "size": 2110, "path": "media/graph/graph_summary_28f3763937d2ed27fd30.graph.json"}, "epoch": 19, "_timestamp": 1662943318, "_runtime": 1233, "loss": 0.7769857048988342, "accuracy": 0.702629804611206, "val_loss": 0.7788453698158264, "val_accuracy": 0.7200000286102295, "_step": 19, "best_val_loss": 0.7627408504486084, "best_epoch": 16, "_wandb": {"runtime": 1231}}