{"graph": {"_type": "graph-file", "sha256": "5a5b5d7f102e31ba85983ce026ec79f6ea830008690c2a018ce74c5a349c0c30", "size": 2602, "path": "media/graph/graph_summary_5a5b5d7f102e31ba8598.graph.json"}, "epoch": 199, "_timestamp": 1657746264, "_runtime": 5009, "loss": 0.027858493849635124, "accuracy": 0.9932265877723694, "val_loss": 0.12520639598369598, "val_accuracy": 0.9754385948181152, "_step": 200, "best_val_loss": 0.08915343135595322, "best_epoch": 80, "test_loss": 0.1241, "test_accuracy": 95.06, "config": {"batch_size": 4, "epochs": 200, "dropout_c": 0.3, "dropout_ga": 0, "num_features_c1": 64, "num_features_c2": 64, "num_features_c3": 128, "num_features_c4": 64, "learning_rate": 0.0003}, "_wandb": {"runtime": 5009}}