{"graph": {"_type": "graph-file", "sha256": "85f0046c0919939464661e21e127d4b24e8b27655ff20b55b83e325984e49c00", "size": 2599, "path": "media/graph/graph_summary_85f0046c091993946466.graph.json"}, "epoch": 30, "_timestamp": 1655999735, "_runtime": 449, "loss": 0.5005127787590027, "accuracy": 0.8125, "val_loss": 0.5596709251403809, "val_accuracy": 0.7651515007019043, "_step": 30, "best_val_loss": 0.4746045172214508, "best_epoch": 24}