{"graph": {"_type": "graph-file", "sha256": "0f12304cc64c934370b6cdd7d23f64f020ca9990f939ea7364f25a4fae2ab06f", "size": 2595, "path": "media/graph/graph_summary_0f12304cc64c934370b6.graph.json"}, "epoch": 55, "_timestamp": 1655944372, "_runtime": 888, "loss": 1.3826920986175537, "accuracy": 0.2741071283817291, "val_loss": 1.3661508560180664, "val_accuracy": 0.27272728085517883, "_step": 56, "best_val_loss": 1.3646140098571777, "best_epoch": 35, "test_loss": 1.3549, "test_accuracy": 27.27, "config": {"batch_size": 16, "max_epochs": 100, "min_epochs": 20, "dropout_c1": 0, "dropout_c2": 0.1, "dropout_c3": 0.2, "dropout_c4": 0.3, "dropout_ga": 0, "num_features_c1": 16, "num_features_c2": 32, "num_features_c3": 64, "num_features_c4": 128, "learning_rate": 0.001}, "_wandb": {"runtime": 889}}