{"graph": {"_type": "graph-file", "sha256": "da16a0e4dc9e476490616a4abb58a5571f365fed3a91b36dbccee3995a1f4c3a", "size": 2124, "path": "media/graph/graph_summary_da16a0e4dc9e47649061.graph.json"}, "epoch": 69, "_timestamp": 1662279471, "_runtime": 32611, "loss": 0.0804976224899292, "accuracy": 0.9790964126586914, "val_loss": 0.29380106925964355, "val_accuracy": 0.9317647218704224, "_step": 69, "best_val_loss": 0.19200670719146729, "best_epoch": 37, "_wandb": {"runtime": 32610}}