{"graph": {"_type": "graph-file", "sha256": "21b71c3adcadaa5bf467cb2645449a829c419529acb3b0dd72d38ffc2d257356", "size": 2596, "path": "media/graph/graph_summary_21b71c3adcadaa5bf467.graph.json"}, "epoch": 19, "_timestamp": 1661647985, "_runtime": 4345, "loss": 0.7906957268714905, "accuracy": 0.6931895017623901, "val_loss": 0.8762133717536926, "val_accuracy": 0.6894117593765259, "_step": 19, "best_val_loss": 0.840309202671051, "best_epoch": 18, "_wandb": {"runtime": 4343}}