{"graph": {"_type": "graph-file", "sha256": "dc6f45bb58bb0a87bf44b679773236d50bb00c9c450819145c1b301a06e88be8", "size": 2128, "path": "media/graph/graph_summary_dc6f45bb58bb0a87bf44.graph.json"}, "epoch": 59, "_timestamp": 1662236609, "_runtime": 45135, "loss": 0.08893007785081863, "accuracy": 0.9716790318489075, "val_loss": 0.1807199865579605, "val_accuracy": 0.9364705681800842, "_step": 59, "best_val_loss": 0.1807199865579605, "best_epoch": 59, "_wandb": {"runtime": 45133}}