{"graph": {"_type": "graph-file", "sha256": "1842c3d947ce67356f7b46cabce990803590e08bc483b3f1e0273cc9f57d82f5", "size": 2601, "path": "media/graph/graph_summary_1842c3d947ce67356f7b.graph.json"}, "epoch": 79, "_timestamp": 1661210858, "_runtime": 2505, "loss": 0.14207954704761505, "accuracy": 0.9523195624351501, "val_loss": 0.30253052711486816, "val_accuracy": 0.9007936716079712, "_step": 79, "best_val_loss": 0.22769039869308472, "best_epoch": 65, "_wandb": {"runtime": 2500}}