{"graph": {"_type": "graph-file", "sha256": "70125c49c043ea2654a5654ac36c7041fcb3e80f64f8db5d5f23fd23e1f37887", "size": 2600, "path": "media/graph/graph_summary_70125c49c043ea2654a5.graph.json"}, "epoch": 29, "_timestamp": 1655950485, "_runtime": 503, "loss": 1.3810102939605713, "accuracy": 0.2857142984867096, "val_loss": 1.371617078781128, "val_accuracy": 0.27272728085517883, "_step": 30, "best_val_loss": 1.3695367574691772, "best_epoch": 9, "test_loss": 1.363, "test_accuracy": 27.27, "config": {"batch_size": 16, "max_epochs": 100, "min_epochs": 20, "dropout_c1": 0, "dropout_c2": 0.1, "dropout_c3": 0.2, "dropout_c4": 0.3, "dropout_ga": 0, "num_features_c1": 16, "num_features_c2": 32, "num_features_c3": 64, "num_features_c4": 128, "learning_rate": 0.001}, "_wandb": {"runtime": 504}}