{"graph": {"_type": "graph-file", "sha256": "1842c3d947ce67356f7b46cabce990803590e08bc483b3f1e0273cc9f57d82f5", "size": 2601, "path": "media/graph/graph_summary_1842c3d947ce67356f7b.graph.json"}, "epoch": 49, "_timestamp": 1660861555, "_runtime": 1649, "loss": 0.10386095196008682, "accuracy": 0.9671391844749451, "val_loss": 0.3427187204360962, "val_accuracy": 0.89682537317276, "_step": 49, "best_val_loss": 0.25809624791145325, "best_epoch": 39, "_wandb": {"runtime": 1647}}