{"graph": {"_type": "graph-file", "sha256": "cc9326a2f80ef967d184f8fa9435810062740f10324670f3172b96ece27b5364", "size": 2111, "path": "media/graph/graph_summary_cc9326a2f80ef967d184.graph.json"}, "epoch": 49, "_timestamp": 1662683760, "_runtime": 16887, "loss": 0.5775820016860962, "accuracy": 0.7815239429473877, "val_loss": 0.47708645462989807, "val_accuracy": 0.8258823752403259, "_step": 49, "best_val_loss": 0.4412539005279541, "best_epoch": 46, "_wandb": {"runtime": 16885}}