{"graph": {"_type": "graph-file", "sha256": "e2fc99bab24a6ee4a6838f5fee6bb0d6c14a594468c0fb85681353c4080ee22c", "size": 2596, "path": "media/graph/graph_summary_e2fc99bab24a6ee4a683.graph.json"}, "epoch": 15, "_timestamp": 1655995771, "_runtime": 243, "loss": 0.6987124681472778, "accuracy": 0.7339285612106323, "val_loss": 0.660520076751709, "val_accuracy": 0.7234848737716675, "_step": 15, "best_val_loss": 0.660520076751709, "best_epoch": 15}