{"graph": {"_type": "graph-file", "sha256": "b3908aa48f9f66e49063f4307e56daa42a4abceb9a9fb18b4c7d478dbaf67740", "size": 2117, "path": "media/graph/graph_summary_b3908aa48f9f66e49063.graph.json"}, "epoch": 49, "_timestamp": 1662942077, "_runtime": 11376, "loss": 0.15668460726737976, "accuracy": 0.9527983665466309, "val_loss": 0.2862423062324524, "val_accuracy": 0.9082353115081787, "_step": 49, "best_val_loss": 0.2569867968559265, "best_epoch": 36, "_wandb": {"runtime": 11374}}